date,timestamp_unix,temp_min,temp_max,temp_day,temp_night,temp_eve,temp_morn,feels_like_day,pressure,humidity,wind_speed,wind_deg,clouds,pop,rain_mm,uvi,weather_main,weather_description,ndvi
2021-08-28,1630108800,23.31,29.31,27.31,27.31,29.31,23.31,27.31,1015.0,77,4.17,207,100,0.0,0.0,0,Clouds,couvert,
2021-08-29,1630195200,25.31,31.31,30.31,26.31,31.31,25.31,30.31,1013.0,56,6.28,309,99,0.0,0.0,0,Clouds,couvert,
2021-08-30,1630281600,22.31,31.31,27.31,27.31,30.31,22.31,27.31,1010.0,66,7.06,292,99,0.0,0.0,0,Clouds,couvert,
2021-08-31,1630368000,24.31,33.31,30.31,26.31,31.31,26.31,30.31,1011.0,54,6.33,136,75,0.0,0.0,0,Clouds,nuageux,
2021-09-01,1630454400,24.31,30.31,29.31,24.31,28.31,24.31,29.31,1013.0,61,5.76,194,100,0.0,0.0,0,Clouds,couvert,
2021-09-02,1630540800,26.31,33.31,30.31,26.31,31.31,26.31,30.31,1014.0,69,5.17,306,88,0.0,0.0,0,Clouds,couvert,
2021-09-03,1630627200,26.31,32.31,31.31,27.31,30.31,26.31,31.31,1011.0,61,7.75,278,68,0.0,0.0,0,Clouds,nuageux,
2021-09-04,1630713600,24.31,31.31,30.31,24.31,30.31,26.31,30.31,1011.0,60,6.6,243,82,0.0,0.0,0,Clouds,nuageux,
2021-09-05,1630800000,25.31,31.31,28.31,28.31,30.31,26.31,28.31,1013.0,55,5.85,186,75,0.0,0.0,0,Clouds,nuageux,
2021-09-06,1630886400,25.31,32.31,30.31,26.31,30.31,25.31,30.31,1014.0,58,6.97,308,7,0.0,0.0,0,Clear,ciel dégagé,
2021-09-07,1630972800,26.31,31.31,31.31,27.31,29.31,27.31,31.31,1013.0,65,6.09,323,100,0.0,0.0,0,Clouds,couvert,
2021-09-08,1631059200,25.07,32.31,31.31,26.31,31.52,25.31,31.31,1012.0,56,5.57,297,29,0.0,0.0,0,Clouds,partiellement nuageux,
2021-09-09,1631145600,26.31,33.31,31.31,27.31,31.31,26.31,31.31,1012.0,56,7.23,295,13,0.0,0.0,0,Clouds,peu nuageux,
2021-09-10,1631232000,24.31,30.31,30.31,26.68,25.31,27.31,30.31,1012.0,65,6.67,281,97,0.0,0.0,0,Clouds,couvert,
2021-09-11,1631318400,24.31,30.31,28.31,25.31,29.31,24.31,28.31,1015.0,60,5.82,184,91,0.0,0.0,0,Clouds,couvert,
2021-09-12,1631404800,25.31,32.31,30.31,26.31,30.31,25.31,30.31,1015.0,59,5.18,300,80,0.0,0.0,0,Clouds,nuageux,
2021-09-13,1631491200,26.31,32.7,31.31,27.31,30.31,26.31,31.31,1013.0,58,7.2,324,91,0.0,0.0,0,Clouds,couvert,
2021-09-14,1631577600,26.31,32.31,31.31,27.31,31.31,26.31,31.31,1012.0,61,6.15,326,100,0.0,0.0,0,Clouds,couvert,
2021-09-15,1631664000,26.31,32.31,31.31,27.31,30.31,26.31,31.31,1013.0,56,6.56,249,23,0.0,0.0,0,Clouds,peu nuageux,
2021-09-16,1631750400,21.31,30.31,28.31,27.31,28.31,22.31,28.31,1013.0,63,7.61,309,100,0.0,0.0,0,Clouds,couvert,
2021-09-17,1631836800,25.31,31.31,30.31,27.31,30.31,26.31,30.31,1013.0,68,4.39,236,93,0.0,0.0,0,Clouds,couvert,
2021-09-18,1631923200,24.31,31.31,28.31,26.8,29.31,25.31,28.31,1012.0,58,3.92,225,100,0.0,0.0,0,Clouds,couvert,
2021-09-19,1632009600,22.31,28.31,24.31,27.31,27.31,26.31,24.31,1013.0,53,6.48,315,90,0.0,1.67,0,Rain,pluie modérée,
2021-09-20,1632096000,24.31,34.94,31.31,25.31,31.31,24.31,31.31,1013.0,43,7.47,332,27,0.0,0.0,0,Clouds,partiellement nuageux,
2021-09-21,1632182400,26.31,35.02,31.31,27.31,30.61,26.31,31.31,1012.0,45,6.25,305,18,0.0,0.0,0,Clouds,peu nuageux,
2021-09-22,1632268800,26.31,34.39,31.31,27.31,31.31,26.31,31.31,1012.0,49,5.47,288,56,0.0,0.0,0,Clouds,nuageux,
2021-09-23,1632355200,25.31,33.31,31.31,27.31,30.31,25.31,31.31,1013.0,54,6.01,301,95,0.0,0.0,0,Clouds,couvert,
2021-09-24,1632441600,24.31,31.31,29.31,27.31,30.31,25.31,29.31,1014.0,66,4.67,316,100,0.0,0.0,0,Clouds,couvert,
2021-09-25,1632528000,24.31,32.31,31.31,26.31,24.31,25.31,31.31,1014.0,57,5.74,327,94,0.0,0.0,0,Clouds,couvert,
2021-09-26,1632614400,25.31,33.31,31.31,25.31,30.31,26.31,31.31,1014.0,53,6.34,319,100,0.0,0.0,0,Clouds,couvert,
2021-09-27,1632700800,25.31,34.31,31.31,27.31,32.31,25.31,31.31,1013.0,51,5.36,303,100,0.0,0.0,0,Clouds,couvert,
2021-09-28,1632787200,26.31,32.31,31.31,27.31,30.31,26.31,31.31,1011.0,46,6.24,312,19,0.0,0.0,0,Clouds,peu nuageux,
2021-09-29,1632873600,26.31,31.31,30.31,27.31,30.59,27.31,30.31,1010.0,52,7.02,250,1,0.0,0.0,0,Clear,ciel dégagé,
2021-09-30,1632960000,25.54,32.31,30.31,26.31,30.31,26.31,30.31,1012.0,49,6.44,289,8,0.0,0.0,0,Clear,ciel dégagé,
2021-10-01,1633046400,25.31,32.98,29.31,26.31,29.31,25.31,29.31,1013.0,55,6.44,321,49,0.0,0.0,0,Clouds,partiellement nuageux,
2021-10-02,1633132800,24.31,33.31,31.31,27.31,27.31,26.31,31.31,1011.0,46,5.59,300,50,0.0,0.0,0,Clouds,partiellement nuageux,
2021-10-03,1633219200,21.31,32.33,28.31,21.31,31.31,23.31,28.31,1012.0,46,4.92,349,59,0.0,0.0,0,Clouds,nuageux,
2021-10-04,1633305600,26.31,33.31,32.31,26.31,32.31,26.31,32.31,1011.0,46,5.24,294,57,0.0,0.0,0,Clouds,nuageux,
2021-10-05,1633392000,23.31,27.31,24.31,26.31,27.31,25.31,24.31,1011.0,42,6.99,289,33,0.0,0.0,0,Clouds,partiellement nuageux,
2021-10-06,1633478400,24.31,33.31,30.31,25.31,30.31,24.31,30.31,1012.0,46,5.47,314,87,0.0,0.0,0,Clouds,couvert,
2021-10-07,1633564800,25.31,32.31,31.31,26.31,31.31,26.31,31.31,1011.0,48,6.11,319,58,0.0,0.0,0,Clouds,nuageux,
2021-10-08,1633651200,25.31,31.31,29.31,27.31,30.31,26.31,29.31,1011.0,53,5.86,308,90,0.0,0.0,0,Clouds,couvert,
2021-10-09,1633737600,26.31,31.31,31.31,27.31,29.31,26.31,31.31,1011.0,47,5.63,268,97,0.0,0.0,0,Clouds,couvert,
2021-10-10,1633824000,25.31,31.31,31.31,27.31,30.31,26.31,31.31,1011.0,46,6.32,279,86,0.0,0.0,0,Clouds,couvert,
2021-10-11,1633910400,24.31,33.31,31.31,26.31,30.31,24.31,31.31,1012.0,45,6.03,328,26,0.0,0.0,0,Clouds,partiellement nuageux,
2021-10-12,1633996800,24.31,32.31,30.31,26.31,29.31,25.31,30.31,1013.0,42,6.02,329,100,0.0,0.0,0,Clouds,couvert,
2021-10-13,1634083200,24.31,37.9,30.31,25.31,29.31,24.31,30.31,1013.0,41,6.07,331,77,0.0,0.0,0,Clouds,nuageux,
2021-10-14,1634169600,24.31,32.31,31.31,25.83,30.31,24.71,31.31,1012.0,39,5.92,325,4,0.0,0.0,0,Clear,ciel dégagé,
2021-10-15,1634256000,25.31,33.31,32.31,25.31,30.31,25.31,32.31,1011.0,42,5.65,318,6,0.0,0.0,0,Clear,ciel dégagé,
2021-10-16,1634342400,24.31,33.31,32.31,25.31,30.31,25.31,32.31,1011.0,45,6.42,284,79,0.0,0.0,0,Clouds,nuageux,
2021-10-17,1634428800,25.31,36.04,30.31,26.31,29.31,25.31,30.31,1011.0,44,6.62,254,47,0.0,0.0,0,Clouds,partiellement nuageux,
2021-10-18,1634515200,26.31,33.97,30.31,26.31,29.31,26.31,30.31,1012.0,53,4.72,294,100,0.0,0.0,0,Clouds,couvert,
2021-10-19,1634601600,25.31,35.46,32.31,27.31,32.31,25.31,32.31,1012.0,33,6.31,307,83,0.0,0.0,0,Clouds,nuageux,
2021-10-20,1634688000,24.31,39.31,33.31,26.31,33.31,25.31,33.31,1011.0,10,6.57,52,28,0.0,0.0,0,Clouds,partiellement nuageux,
2021-10-21,1634774400,25.31,37.31,32.31,26.31,31.31,25.31,32.31,1012.0,35,4.47,98,23,0.0,0.0,0,Clouds,peu nuageux,
2021-10-22,1634860800,25.31,37.31,34.31,27.31,32.31,27.31,34.31,1012.0,14,6.04,82,72,0.0,0.0,0,Clouds,nuageux,
2021-10-23,1634947200,22.31,36.31,33.31,24.31,32.31,22.31,33.31,1011.0,17,5.12,333,5,0.0,0.0,0,Clear,ciel dégagé,
2021-10-24,1635033600,24.31,34.31,32.31,28.31,30.31,24.31,32.31,1014.0,44,3.39,323,99,0.0,0.0,0,Clouds,couvert,
2021-10-25,1635120000,22.31,32.31,28.31,26.31,28.31,25.55,28.31,1014.0,45,6.7,311,93,0.0,0.0,0,Clouds,couvert,
2021-10-26,1635206400,25.31,33.31,31.31,27.31,30.31,25.31,31.31,1013.0,39,6.58,300,89,0.0,0.0,0,Clouds,couvert,
2021-10-27,1635292800,24.31,36.31,31.31,26.31,32.31,24.31,31.31,1012.0,28,6.36,325,59,0.0,0.0,0,Clouds,nuageux,
2021-10-28,1635379200,25.31,31.31,31.31,27.31,29.31,27.31,31.31,1012.0,26,5.47,68,82,0.0,0.0,0,Clouds,nuageux,
2021-10-29,1635465600,25.31,34.31,32.8,27.31,31.31,26.31,32.8,1012.0,32,5.97,331,100,0.0,0.0,0,Clouds,couvert,
2021-10-30,1635552000,26.31,35.31,31.31,27.31,28.31,27.31,31.31,1012.0,29,7.67,52,99,0.0,0.0,0,Clouds,couvert,
2021-10-31,1635638400,25.31,34.31,31.31,25.31,30.31,25.31,31.31,1016.0,41,5.13,341,100,0.0,0.0,0,Clouds,couvert,
2021-11-01,1635724800,25.31,37.31,32.31,27.31,31.31,26.31,32.31,1013.0,21,6.64,337,99,0.0,0.0,0,Clouds,couvert,
2021-11-02,1635811200,24.31,34.31,32.31,26.31,30.31,25.31,32.31,1013.0,21,6.34,330,56,0.0,0.0,0,Clouds,nuageux,
2021-11-03,1635897600,23.31,32.31,31.31,24.31,30.31,23.31,31.31,1011.0,32,6.66,284,48,0.0,0.0,0,Clouds,partiellement nuageux,
2021-11-04,1635984000,23.31,34.31,31.31,25.31,31.31,24.31,31.31,1011.0,33,4.95,280,73,0.0,0.0,0,Clouds,nuageux,
2021-11-05,1636070400,24.31,33.31,32.31,26.31,31.31,24.31,32.31,1012.0,33,5.46,313,77,0.0,0.0,0,Clouds,nuageux,
2021-11-06,1636156800,24.31,37.31,34.31,25.31,32.31,26.31,34.31,1011.0,16,7.36,329,58,0.0,0.0,0,Clouds,nuageux,
2021-11-07,1636243200,23.31,37.31,33.31,26.31,28.39,25.31,33.31,1011.0,20,7.87,342,88,0.0,0.0,0,Clouds,couvert,
2021-11-08,1636329600,23.31,32.31,30.31,25.31,29.31,23.31,30.31,1011.0,28,6.69,330,96,0.0,0.0,0,Clouds,couvert,
2021-11-09,1636416000,23.31,33.31,31.31,25.31,30.31,23.53,31.31,1011.0,30,6.08,335,86,0.0,0.0,0,Clouds,couvert,
2021-11-10,1636502400,23.07,30.31,29.31,25.31,28.31,23.07,29.31,1012.0,33,9.49,339,34,0.0,0.0,0,Clouds,partiellement nuageux,
2021-11-11,1636588800,23.34,32.31,28.31,25.31,28.31,23.34,28.31,1012.0,19,7.35,9,98,0.0,0.0,0,Clouds,couvert,
2021-11-12,1636675200,23.31,34.31,32.31,24.31,29.31,24.31,32.31,1012.0,46,5.64,336,90,0.0,0.0,0,Clouds,couvert,
2021-11-13,1636761600,24.31,35.31,30.31,25.31,31.31,24.31,30.31,1011.0,33,4.07,327,43,0.0,0.0,0,Clouds,partiellement nuageux,
2021-11-14,1636848000,23.31,32.31,31.31,26.31,30.31,25.31,31.31,1012.0,42,5.78,319,68,0.0,0.0,0,Clouds,nuageux,
2021-11-15,1636934400,25.31,34.12,31.31,25.31,30.31,25.31,31.31,1013.0,27,6.19,332,86,0.0,0.0,0,Clouds,couvert,
2021-11-16,1637020800,24.31,33.31,31.31,25.31,30.31,24.31,31.31,1011.0,32,6.89,327,86,0.0,0.0,0,Clouds,couvert,
2021-11-17,1637107200,24.29,33.31,30.31,25.31,29.31,24.55,30.31,1010.0,38,6.21,319,100,0.0,0.0,0,Clouds,couvert,
2021-11-18,1637193600,23.54,32.31,30.31,24.7,30.31,24.31,30.31,1011.0,46,6.22,345,91,0.0,0.0,0,Clouds,couvert,
2021-11-19,1637280000,23.31,36.31,33.31,25.31,31.31,24.31,33.31,1012.0,27,7.18,347,97,0.0,0.0,0,Clouds,couvert,
2021-11-20,1637366400,24.31,38.31,34.31,25.31,33.31,24.31,34.31,1011.0,21,6.82,341,64,0.0,0.0,0,Clouds,nuageux,
2021-11-21,1637452800,23.31,38.31,34.31,25.31,32.31,23.31,34.31,1011.0,14,6.15,343,51,0.0,0.0,0,Clouds,nuageux,
2021-11-22,1637539200,23.31,39.31,35.31,25.31,32.72,24.31,35.31,1011.0,14,6.75,51,48,0.0,0.0,0,Clouds,partiellement nuageux,
2021-11-23,1637625600,22.31,38.31,34.31,25.31,29.31,24.31,34.31,1012.0,13,4.81,85,3,0.0,0.0,0,Clear,ciel dégagé,
2021-11-24,1637712000,23.31,38.31,32.31,25.31,33.31,23.31,32.31,1012.0,15,4.64,90,98,0.0,0.0,0,Clouds,couvert,
2021-11-25,1637798400,23.28,37.31,31.31,25.31,33.31,24.31,31.31,1011.0,26,5.61,296,97,0.0,0.0,0,Clouds,couvert,
2021-11-26,1637884800,24.31,37.31,32.31,25.31,34.31,24.31,32.31,1012.0,26,5.25,315,60,0.0,0.0,0,Clouds,nuageux,
2021-11-27,1637971200,22.31,33.79,30.31,26.31,30.31,23.31,30.31,1012.0,24,7.9,346,42,0.0,0.0,0,Clouds,partiellement nuageux,
2021-11-28,1638057600,22.31,34.31,30.31,24.31,28.31,23.31,30.31,1013.0,23,8.17,31,17,0.0,0.0,0,Clouds,peu nuageux,
2021-11-29,1638144000,20.97,32.47,29.51,24.55,26.31,22.31,29.51,1014.0,18,7.52,38,99,0.0,0.0,0,Clouds,couvert,
2021-11-30,1638230400,19.31,30.31,27.31,21.31,25.31,20.31,27.31,1013.0,17,6.69,339,100,0.0,0.0,0,Clouds,couvert,
2021-12-01,1638316800,20.31,33.31,31.31,21.31,26.31,20.31,31.31,1012.0,15,7.36,340,99,0.0,0.0,0,Clouds,couvert,
2021-12-02,1638403200,21.31,33.31,29.31,23.31,26.77,21.31,29.31,1011.0,12,7.32,340,94,0.0,0.0,0,Clouds,couvert,
2021-12-03,1638489600,21.31,34.31,30.31,23.31,28.31,21.31,30.31,1011.0,11,6.06,40,99,0.0,0.0,0,Clouds,couvert,
2021-12-04,1638576000,21.31,36.31,32.31,22.31,28.31,21.31,32.31,1012.0,10,5.93,0,100,0.0,0.0,0,Clouds,couvert,
2021-12-05,1638662400,20.31,35.31,32.31,22.31,31.94,21.31,32.31,1013.0,9,6.65,83,87,0.0,0.0,0,Clouds,couvert,
2021-12-06,1638748800,21.31,35.31,33.51,23.31,35.31,21.31,33.51,1013.0,10,8.06,84,61,0.0,0.0,0,Clouds,nuageux,
2021-12-07,1638835200,21.31,34.31,30.31,22.31,28.31,23.31,30.31,1013.0,9,6.38,345,58,0.0,0.0,0,Clouds,nuageux,
2021-12-08,1638921600,20.31,34.31,31.31,20.31,30.31,20.31,31.31,1013.0,9,5.56,338,72,0.0,0.0,0,Clouds,nuageux,
2021-12-09,1639008000,20.31,36.31,31.31,22.31,29.31,21.31,31.31,1011.0,10,5.81,79,97,0.0,0.0,0,Clouds,couvert,
2021-12-10,1639094400,20.31,35.31,30.31,22.31,28.31,21.31,30.31,1011.0,10,5.98,342,81,0.0,0.0,0,Clouds,nuageux,
2021-12-11,1639180800,20.31,35.31,30.31,21.31,31.31,20.31,30.31,1009.0,11,6.0,86,56,0.0,0.0,0,Clouds,nuageux,
2021-12-12,1639267200,19.31,35.6,32.31,23.31,29.31,20.31,32.31,1010.0,17,4.87,281,35,0.0,0.0,0,Clouds,partiellement nuageux,
2021-12-13,1639353600,22.31,35.31,31.31,24.31,28.31,22.31,31.31,1011.0,8,5.9,355,89,0.0,0.0,0,Clouds,couvert,
2021-12-14,1639440000,22.31,34.31,30.31,23.31,26.04,23.31,30.31,1011.0,9,6.3,332,97,0.0,0.0,0,Clouds,couvert,
2021-12-15,1639526400,21.42,31.31,28.31,23.31,26.31,22.31,28.31,1011.0,16,6.24,328,100,0.0,0.0,0,Clouds,couvert,
2021-12-16,1639612800,20.31,30.31,27.31,23.31,25.31,21.31,27.31,1012.0,19,6.92,343,94,0.0,0.0,0,Clouds,couvert,
2021-12-17,1639699200,21.31,33.31,28.31,23.31,27.31,23.31,28.31,1012.0,29,7.45,343,99,0.0,0.0,0,Clouds,couvert,
2021-12-18,1639785600,22.31,31.31,28.31,23.31,26.31,22.31,28.31,1014.0,33,11.02,344,93,0.0,0.0,0,Clouds,couvert,
2021-12-19,1639872000,22.31,30.31,26.31,23.31,25.31,22.31,26.31,1015.0,40,11.8,13,100,0.0,0.0,0,Clouds,couvert,
2021-12-20,1639958400,25.31,32.31,30.31,27.31,25.31,27.31,30.31,1013.0,9,8.03,98,99,0.0,0.0,0,Clouds,couvert,
2021-12-21,1640044800,23.31,28.31,25.31,25.31,27.31,23.31,25.31,1015.0,30,5.72,19,100,0.0,0.0,0,Clouds,couvert,
2021-12-22,1640131200,22.31,31.31,28.31,23.31,29.31,23.31,28.31,1015.0,18,8.7,59,100,0.0,0.0,0,Clouds,couvert,
2021-12-23,1640217600,22.31,34.31,32.89,23.31,31.31,22.31,32.89,1013.0,11,7.4,80,25,0.0,0.0,0,Clouds,partiellement nuageux,
2021-12-24,1640304000,24.31,35.31,32.31,24.31,30.31,25.31,32.31,1012.0,10,7.51,95,100,0.0,0.0,0,Clouds,couvert,
2021-12-25,1640390400,23.31,34.31,30.31,25.31,31.31,25.31,30.31,1013.0,14,5.83,54,100,0.0,0.0,0,Clouds,couvert,
2021-12-26,1640476800,21.31,34.31,31.31,26.31,30.31,21.31,31.31,1013.0,13,6.8,62,79,0.0,0.0,0,Clouds,nuageux,
2021-12-27,1640563200,20.31,36.31,32.31,23.31,32.31,20.31,32.31,1013.0,9,7.01,71,13,0.0,0.0,0,Clouds,peu nuageux,
2021-12-28,1640649600,21.31,36.31,31.31,22.31,36.31,23.31,31.31,1013.0,7,7.3,82,1,0.0,0.0,0,Clear,ciel dégagé,
2021-12-29,1640736000,21.31,36.31,31.31,23.31,33.31,22.31,31.31,1014.0,10,7.1,89,0,0.0,0.0,0,Clear,ciel dégagé,
2021-12-30,1640822400,21.31,35.31,31.31,23.31,33.31,21.31,31.31,1013.0,11,6.13,73,0,0.0,0.0,0,Clear,ciel dégagé,
2021-12-31,1640908800,20.31,35.31,30.31,23.31,33.31,20.31,30.31,1013.0,10,7.35,88,64,0.0,0.0,0,Clouds,nuageux,
2022-01-01,1640995200,23.31,35.31,30.31,23.31,34.31,23.31,30.31,1014.0,10,8.1,80,100,0.0,0.0,0,Clouds,couvert,0.25020955
2022-01-02,1641081600,20.29,34.31,30.31,23.31,31.31,24.31,30.31,1014.0,9,8.9,82,73,0.0,0.0,0,Clouds,nuageux,0.25020955
2022-01-03,1641168000,20.54,33.31,29.31,22.31,30.31,22.31,29.31,1014.0,10,7.58,70,68,0.0,0.0,0,Clouds,nuageux,0.25020955
2022-01-04,1641254400,18.0,34.31,29.31,21.31,34.31,19.31,29.31,1012.0,10,7.86,93,41,0.0,0.0,0,Clouds,partiellement nuageux,0.25020955
2022-01-05,1641340800,22.31,34.31,28.31,22.31,34.31,24.31,28.31,1013.0,9,7.9,86,64,0.0,0.0,0,Clouds,nuageux,0.25020955
2022-01-06,1641427200,20.31,33.31,29.31,22.31,31.31,20.31,29.31,1013.0,10,6.14,49,98,0.0,0.0,0,Clouds,couvert,0.25020955
2022-01-07,1641513600,19.75,33.31,28.31,21.31,29.31,21.31,28.31,1013.0,11,6.57,58,18,0.0,0.0,0,Clouds,peu nuageux,0.25020955
2022-01-08,1641600000,19.31,32.31,29.31,21.31,27.31,20.31,29.31,1014.0,11,6.87,342,33,0.0,0.0,0,Clouds,partiellement nuageux,0.25020955
2022-01-09,1641686400,20.93,29.31,26.31,22.31,28.31,21.31,26.31,1013.0,9,8.16,328,100,0.0,0.0,0,Clouds,couvert,0.25020955
2022-01-10,1641772800,22.31,27.31,26.31,25.31,26.31,24.31,26.31,1014.0,21,5.46,357,100,0.0,0.0,0,Clouds,couvert,0.25020955
2022-01-11,1641859200,20.31,31.31,28.31,23.31,28.31,21.31,28.31,1013.0,20,5.25,329,90,0.0,0.0,0,Clouds,couvert,0.24363921
2022-01-12,1641945600,21.31,33.31,29.31,23.31,29.31,21.31,29.31,1014.0,15,5.41,321,49,0.0,0.0,0,Clouds,partiellement nuageux,0.24363921
2022-01-13,1642032000,21.31,31.31,27.31,23.31,28.31,22.31,27.31,1014.0,23,6.98,321,59,0.0,0.0,0,Clouds,nuageux,0.24363921
2022-01-14,1642118400,19.24,31.31,27.31,23.31,27.31,21.31,27.31,1016.0,29,7.72,324,53,0.0,0.0,0,Clouds,nuageux,0.24363921
2022-01-15,1642204800,20.31,32.31,28.31,22.31,25.31,21.31,28.31,1013.0,19,7.65,329,63,0.0,0.0,0,Clouds,nuageux,0.24363921
2022-01-16,1642291200,21.31,32.31,28.31,23.31,30.31,22.31,28.31,1012.0,19,5.75,213,95,0.0,0.0,0,Clouds,couvert,0.24363921
2022-01-17,1642377600,21.31,33.31,29.31,22.31,31.31,21.31,29.31,1015.0,28,6.7,308,10,0.0,0.0,0,Clear,ciel dégagé,0.24363921
2022-01-18,1642464000,20.31,35.31,30.31,23.31,31.31,21.31,30.31,1015.0,9,6.06,99,6,0.0,0.0,0,Clear,ciel dégagé,0.24363921
2022-01-19,1642550400,20.31,36.31,31.31,23.31,33.31,20.31,31.31,1014.0,7,6.51,96,5,0.0,0.0,0,Clear,ciel dégagé,0.24363921
2022-01-20,1642636800,20.31,35.31,30.31,23.31,33.31,21.31,30.31,1014.0,7,7.01,106,11,0.0,0.0,0,Clouds,peu nuageux,0.24363921
2022-01-21,1642723200,20.31,35.31,33.0,23.31,30.31,21.31,33.0,1012.0,13,5.89,135,90,0.0,0.0,0,Clouds,couvert,0.2363251133333333
2022-01-22,1642809600,23.31,36.31,30.31,24.31,36.31,23.31,30.31,1013.0,10,7.55,87,87,0.0,0.0,0,Clouds,couvert,0.2363251133333333
2022-01-23,1642896000,21.51,36.31,30.31,24.31,35.31,21.88,30.31,1014.0,7,9.34,97,25,0.0,0.0,0,Clouds,partiellement nuageux,0.2363251133333333
2022-01-24,1642982400,23.31,34.31,29.31,27.31,33.31,24.31,29.31,1014.0,8,9.19,93,95,0.0,0.0,0,Clouds,couvert,0.2363251133333333
2022-01-25,1643068800,23.31,34.31,31.31,28.31,33.31,25.31,31.31,1014.0,7,7.51,80,100,0.0,0.0,0,Clouds,couvert,0.2363251133333333
2022-01-26,1643155200,22.31,34.31,30.31,23.31,29.31,22.31,30.31,1012.0,8,7.7,63,100,0.0,0.0,0,Clouds,couvert,0.2363251133333333
2022-01-27,1643241600,20.31,29.67,25.31,21.31,25.31,20.31,25.31,1013.0,29,8.65,342,82,0.0,0.0,0,Clouds,nuageux,0.2363251133333333
2022-01-28,1643328000,16.88,27.31,24.31,19.31,25.31,19.31,24.31,1013.0,25,7.07,332,63,0.0,0.0,0,Clouds,nuageux,0.2363251133333333
2022-01-29,1643414400,19.31,28.31,26.31,21.31,24.31,19.31,26.31,1015.0,26,7.78,338,99,0.0,0.0,0,Clouds,couvert,0.2363251133333333
2022-01-30,1643500800,19.31,32.66,25.31,21.31,23.31,20.31,25.31,1014.0,22,8.45,342,75,0.0,0.0,0,Clouds,nuageux,0.2363251133333333
2022-01-31,1643587200,20.31,36.31,32.31,21.31,26.31,21.31,32.31,1012.0,8,9.0,100,100,0.0,0.0,0,Clouds,couvert,0.2363251133333333
2022-02-01,1643673600,20.31,38.31,31.31,22.31,34.31,20.31,31.31,1012.0,9,8.55,89,50,0.0,0.0,0,Clouds,partiellement nuageux,0.22825149666666666
2022-02-02,1643760000,23.31,37.31,33.31,23.31,36.31,26.31,33.31,1013.0,7,9.66,110,59,0.0,0.0,0,Clouds,nuageux,0.22825149666666666
2022-02-03,1643846400,20.95,34.31,31.31,23.31,33.31,22.31,31.31,1014.0,9,7.28,108,5,0.0,0.0,0,Clear,ciel dégagé,0.22825149666666666
2022-02-04,1643932800,21.31,35.4,30.31,23.31,32.31,22.31,30.31,1014.0,6,6.37,83,0,0.0,0.0,0,Clear,ciel dégagé,0.22825149666666666
2022-02-05,1644019200,18.31,35.31,32.97,22.21,31.31,19.31,32.97,1012.0,6,5.42,63,0,0.0,0.0,0,Clear,ciel dégagé,0.22825149666666666
2022-02-06,1644105600,18.31,34.31,28.31,21.31,30.31,18.31,28.31,1012.0,8,7.48,338,0,0.0,0.0,0,Clear,ciel dégagé,0.22825149666666666
2022-02-07,1644192000,18.31,37.31,32.31,21.31,31.31,19.31,32.31,1012.0,7,4.95,340,5,0.0,0.0,0,Clear,ciel dégagé,0.22825149666666666
2022-02-08,1644278400,19.31,37.31,32.31,22.31,33.31,19.31,32.31,1013.0,7,5.88,98,0,0.0,0.0,0,Clear,ciel dégagé,0.22825149666666666
2022-02-09,1644364800,20.31,36.31,31.31,23.31,34.47,20.31,31.31,1013.0,6,7.72,83,0,0.0,0.0,0,Clear,ciel dégagé,0.22825149666666666
2022-02-10,1644451200,22.31,36.31,31.31,22.31,36.31,26.31,31.31,1013.0,5,9.74,85,79,0.0,0.0,0,Clouds,nuageux,0.22825149666666666
2022-02-11,1644537600,25.31,36.31,30.31,28.31,35.31,26.31,30.31,1014.0,8,10.23,74,34,0.0,0.0,0,Clouds,partiellement nuageux,0.22084917666666667
2022-02-12,1644624000,21.31,33.31,28.31,27.31,31.57,23.31,28.31,1015.0,9,9.38,62,57,0.0,0.0,0,Clouds,nuageux,0.22084917666666667
2022-02-13,1644710400,18.31,33.31,28.31,20.31,33.31,19.31,28.31,1014.0,12,9.3,65,40,0.0,0.0,0,Clouds,partiellement nuageux,0.22084917666666667
2022-02-14,1644796800,18.31,34.31,28.31,22.31,33.31,19.31,28.31,1014.0,11,7.91,79,90,0.0,0.0,0,Clouds,couvert,0.22084917666666667
2022-02-15,1644883200,22.31,33.31,28.31,22.31,30.31,24.31,28.31,1014.0,10,7.85,80,100,0.0,0.0,0,Clouds,couvert,0.22084917666666667
2022-02-16,1644969600,21.31,33.31,29.31,22.31,30.31,23.31,29.31,1014.0,8,8.18,73,78,0.0,0.0,0,Clouds,nuageux,0.22084917666666667
2022-02-17,1645056000,19.75,34.31,28.31,21.31,31.31,22.31,28.31,1012.0,10,7.11,81,89,0.0,0.0,0,Clouds,couvert,0.22084917666666667
2022-02-18,1645142400,21.31,33.31,27.31,23.31,31.31,22.31,27.31,1013.0,10,7.51,327,91,0.0,0.0,0,Clouds,couvert,0.22084917666666667
2022-02-19,1645228800,19.31,29.31,25.31,21.31,27.31,19.31,25.31,1014.0,11,7.7,337,4,0.0,0.0,0,Clear,ciel dégagé,0.22084917666666667
2022-02-20,1645315200,18.31,34.1,28.31,20.31,29.31,19.31,28.31,1013.0,13,7.53,335,30,0.0,0.0,0,Clouds,partiellement nuageux,0.22084917666666667
2022-02-21,1645401600,19.31,31.31,26.31,22.31,27.31,20.31,26.31,1013.0,13,7.97,330,80,0.0,0.0,0,Clouds,nuageux,0.21481042333333333
2022-02-22,1645488000,19.58,31.93,26.31,20.31,25.31,20.31,26.31,1013.0,28,7.55,325,80,0.0,0.0,0,Clouds,nuageux,0.21481042333333333
2022-02-23,1645574400,19.31,30.11,25.31,19.31,25.31,19.31,25.31,1013.0,33,8.02,335,18,0.0,0.0,0,Clouds,peu nuageux,0.21481042333333333
2022-02-24,1645660800,18.31,31.07,28.72,19.31,23.6,19.31,28.72,1013.0,34,8.52,331,0,0.0,0.0,0,Clear,ciel dégagé,0.21481042333333333
2022-02-25,1645747200,17.15,26.31,24.31,18.41,23.31,17.2,24.31,1013.0,41,8.05,335,0,0.0,0.0,0,Clear,ciel dégagé,0.21481042333333333
2022-02-26,1645833600,17.74,24.31,23.31,18.31,21.31,17.84,23.31,1014.0,43,9.56,346,9,0.0,0.0,0,Clear,ciel dégagé,0.21481042333333333
2022-02-27,1645920000,17.31,27.85,23.31,18.31,23.31,18.31,23.31,1014.0,32,9.49,348,0,0.0,0.0,0,Clear,ciel dégagé,0.21481042333333333
2022-02-28,1646006400,17.31,27.31,25.31,18.31,24.31,17.31,25.31,1014.0,26,9.4,349,0,0.0,0.0,0,Clear,ciel dégagé,0.21481042333333333
2022-03-01,1646092800,16.31,26.31,23.31,18.31,23.31,17.31,23.31,1015.0,30,8.52,18,0,0.0,0.0,0,Clear,ciel dégagé,0.20970009
2022-03-02,1646179200,16.31,30.31,26.31,16.91,27.31,17.31,26.31,1014.0,20,7.5,339,34,0.0,0.0,0,Clouds,partiellement nuageux,0.20970009
2022-03-03,1646265600,18.31,35.31,30.31,19.31,31.31,18.31,30.31,1013.0,10,7.87,358,0,0.0,0.0,0,Clear,ciel dégagé,0.20970009
2022-03-04,1646352000,18.31,33.31,30.31,22.31,29.31,18.31,30.31,1013.0,8,8.97,60,0,0.0,0.0,0,Clear,ciel dégagé,0.20970009
2022-03-05,1646438400,15.31,31.31,28.31,19.31,27.31,16.31,28.31,1013.0,8,8.01,343,25,0.0,0.0,0,Clouds,partiellement nuageux,0.20970009
2022-03-06,1646524800,15.31,29.31,26.31,17.31,26.31,16.31,26.31,1013.0,15,8.41,344,19,0.0,0.0,0,Clouds,peu nuageux,0.20970009
2022-03-07,1646611200,16.31,34.31,28.31,17.31,30.31,16.31,28.31,1012.0,12,8.14,59,53,0.0,0.0,0,Clouds,nuageux,0.20970009
2022-03-08,1646697600,17.31,33.31,29.31,20.31,29.31,17.31,29.31,1012.0,9,7.41,58,57,0.0,0.0,0,Clouds,nuageux,0.20970009
2022-03-09,1646784000,17.31,29.31,27.31,20.31,24.31,18.31,27.31,1012.0,15,7.5,330,100,0.0,0.0,0,Clouds,couvert,0.20970009
2022-03-10,1646870400,17.31,31.31,26.31,18.31,28.31,17.31,26.31,1011.0,19,7.17,321,34,0.0,0.0,0,Clouds,partiellement nuageux,0.20970009
2022-03-11,1646956800,18.31,38.58,31.31,20.31,37.14,18.31,31.31,1010.0,6,6.86,82,1,0.0,0.0,0,Clear,ciel dégagé,0.20544853
2022-03-12,1647043200,21.93,38.45,35.46,25.91,33.4,22.28,35.46,1011.0,6,8.64,78,0,0.0,0.0,0,Clear,ciel dégagé,0.20544853
2022-03-13,1647129600,20.59,37.42,35.02,23.05,28.9,21.51,35.02,1010.0,5,7.91,339,5,0.0,0.0,0,Clear,ciel dégagé,0.20544853
2022-03-14,1647216000,17.24,33.88,32.58,21.12,25.5,17.45,32.58,1011.0,13,8.46,331,7,0.0,0.0,0,Clear,ciel dégagé,0.20544853
2022-03-15,1647302400,17.04,29.39,27.54,19.43,22.27,17.47,27.54,1013.0,29,9.06,345,12,0.0,0.0,0,Clouds,peu nuageux,0.20544853
2022-03-16,1647388800,15.93,32.2,29.42,16.97,25.13,15.96,29.42,1013.0,18,7.53,335,5,0.0,0.0,0,Clear,ciel dégagé,0.20544853
2022-03-17,1647475200,16.69,33.3,31.06,18.88,26.37,16.69,31.06,1012.0,14,8.07,339,5,0.0,0.0,0,Clear,ciel dégagé,0.20544853
2022-03-18,1647561600,16.84,33.18,30.95,19.65,28.75,17.04,30.95,1011.0,16,6.04,321,5,0.0,0.0,0,Clear,ciel dégagé,0.20544853
2022-03-19,1647648000,16.99,30.69,29.04,19.22,24.21,17.56,29.04,1012.0,30,7.88,330,4,0.0,0.0,0,Clear,ciel dégagé,0.20544853
2022-03-20,1647734400,16.23,30.88,28.81,17.69,23.67,16.41,28.81,1012.0,30,7.71,328,7,0.0,0.0,0,Clear,ciel dégagé,0.20544853
2022-03-21,1647820800,16.61,32.01,29.67,17.94,26.13,16.87,29.67,1013.0,30,6.95,356,14,0.0,0.0,0,Clouds,peu nuageux,0.20174113333333332
2022-03-22,1647907200,17.4,30.92,29.73,18.94,24.73,17.62,29.73,1012.0,30,8.02,336,54,0.0,0.0,0,Clouds,nuageux,0.20174113333333332
2022-03-23,1647993600,17.65,31.55,30.38,18.75,24.7,18.0,30.38,1011.0,25,8.24,358,2,0.0,0.0,0,Clear,ciel dégagé,0.20174113333333332
2022-03-24,1648080000,17.25,31.83,30.3,18.59,24.93,17.25,30.3,1012.0,20,7.33,334,0,0.0,0.0,0,Clear,ciel dégagé,0.20174113333333332
2022-03-25,1648166400,16.14,30.58,29.13,17.49,24.77,16.33,29.13,1011.0,28,7.04,330,3,0.0,0.0,0,Clear,ciel dégagé,0.20174113333333332
2022-03-26,1648252800,16.22,31.91,30.03,17.96,26.09,16.25,30.03,1011.0,21,6.87,323,14,0.0,0.0,0,Clouds,peu nuageux,0.20174113333333332
2022-03-27,1648339200,16.12,29.41,29.12,17.44,24.76,16.12,29.12,1013.0,24,6.55,339,48,0.0,0.0,0,Clouds,partiellement nuageux,0.20174113333333332
2022-03-28,1648425600,17.38,31.21,28.12,18.23,24.59,17.43,28.12,1015.0,35,8.27,341,100,0.0,0.0,0,Clouds,couvert,0.20174113333333332
2022-03-29,1648512000,17.92,31.2,29.55,18.67,22.93,17.92,29.55,1012.0,31,9.56,343,88,0.0,0.0,0,Clouds,couvert,0.20174113333333332
2022-03-30,1648598400,18.58,32.97,31.3,19.42,25.08,18.58,31.3,1010.0,24,8.41,339,89,0.0,0.0,0,Clouds,couvert,0.20174113333333332
2022-03-31,1648684800,18.89,33.51,30.57,20.42,28.3,19.35,30.57,1010.0,29,8.11,349,100,0.0,0.0,0,Clouds,couvert,0.20174113333333332
2022-04-01,1648771200,19.34,35.88,34.55,20.93,27.15,19.61,34.55,1010.0,17,8.6,326,0,0.0,0.0,0,Clear,ciel dégagé,0.19823185333333335
2022-04-02,1648857600,18.57,32.25,30.97,20.61,25.8,18.81,30.97,1012.0,23,7.64,331,38,0.0,0.0,0,Clouds,partiellement nuageux,0.19823185333333335
2022-04-03,1648944000,17.33,28.47,26.49,18.54,22.9,17.69,26.49,1013.0,42,7.25,332,41,0.0,0.0,0,Clouds,partiellement nuageux,0.19823185333333335
2022-04-04,1649030400,16.39,27.95,27.09,17.25,23.75,16.62,27.09,1013.0,36,7.81,342,2,0.0,0.0,0,Clear,ciel dégagé,0.19823185333333335
2022-04-05,1649116800,17.12,27.93,26.92,17.84,23.09,17.14,26.92,1014.0,38,8.07,343,1,0.0,0.0,0,Clear,ciel dégagé,0.19823185333333335
2022-04-06,1649203200,17.32,32.09,30.7,17.85,27.31,17.42,30.7,1013.0,29,7.53,332,0,0.0,0.0,0,Clear,ciel dégagé,0.19823185333333335
2022-04-07,1649289600,19.91,38.31,37.0,20.77,30.14,19.91,37.0,1012.0,13,9.16,342,18,0.0,0.0,0,Clouds,peu nuageux,0.19823185333333335
2022-04-08,1649376000,24.24,39.81,37.93,24.69,31.98,24.73,37.93,1012.0,10,9.32,351,52,0.0,0.0,0,Clouds,nuageux,0.19823185333333335
2022-04-09,1649462400,22.29,37.78,36.71,25.72,29.73,23.17,36.71,1010.0,13,9.36,339,13,0.0,0.0,0,Clouds,peu nuageux,0.19823185333333335
2022-04-10,1649548800,19.96,33.85,32.76,23.09,26.57,20.92,32.76,1009.0,22,8.19,341,3,0.0,0.0,0,Clear,ciel dégagé,0.19823185333333335
2022-04-11,1649635200,18.26,30.61,29.74,19.62,25.8,18.74,29.74,1010.0,30,7.88,343,7,0.0,0.0,0,Clear,ciel dégagé,0.19568299333333336
2022-04-12,1649721600,17.78,31.79,29.43,18.88,25.21,17.78,29.43,1011.0,35,7.46,347,100,0.0,0.0,0,Clouds,couvert,0.19568299333333336
2022-04-13,1649808000,17.92,32.03,30.12,18.98,24.87,18.08,30.12,1011.0,31,7.7,316,30,0.0,0.0,0,Clouds,partiellement nuageux,0.19568299333333336
2022-04-14,1649894400,17.46,33.52,30.86,18.37,25.62,17.52,30.86,1009.0,30,7.56,324,11,0.0,0.0,0,Clouds,peu nuageux,0.19568299333333336
2022-04-15,1649980800,17.69,31.19,29.82,20.03,25.98,18.0,29.82,1011.0,31,6.8,327,6,0.0,0.0,0,Clear,ciel dégagé,0.19568299333333336
2022-04-16,1650067200,18.17,31.52,30.09,18.9,25.21,18.4,30.09,1012.0,26,7.01,337,52,0.0,0.0,0,Clouds,nuageux,0.19568299333333336
2022-04-17,1650153600,17.34,33.41,30.87,18.18,24.75,17.54,30.87,1011.0,27,8.31,326,33,0.0,0.0,0,Clouds,partiellement nuageux,0.19568299333333336
2022-04-18,1650240000,18.02,33.41,31.64,19.07,25.37,18.02,31.64,1011.0,26,9.32,330,11,0.0,0.0,0,Clouds,peu nuageux,0.19568299333333336
2022-04-19,1650326400,18.36,34.14,33.4,19.66,25.31,18.7,33.4,1012.0,23,8.61,322,18,0.0,0.0,0,Clouds,peu nuageux,0.19568299333333336
2022-04-20,1650412800,19.03,34.45,33.78,20.1,25.77,19.63,33.78,1012.0,23,8.83,319,28,0.0,0.0,0,Clouds,partiellement nuageux,0.19568299333333336
2022-04-21,1650499200,18.85,34.89,33.89,21.94,27.15,18.91,33.89,1012.0,23,8.52,330,56,0.0,0.0,0,Clouds,nuageux,0.19404309333333333
2022-04-22,1650585600,20.26,36.74,35.91,22.0,28.36,20.66,35.91,1010.0,13,9.54,341,42,0.0,0.0,0,Clouds,partiellement nuageux,0.19404309333333333
2022-04-23,1650672000,21.81,38.68,37.28,23.57,30.84,21.81,37.28,1011.0,11,9.01,347,23,0.0,0.0,0,Clouds,peu nuageux,0.19404309333333333
2022-04-24,1650758400,23.62,38.35,36.92,25.04,30.76,23.85,36.92,1011.0,14,8.88,341,1,0.0,0.0,0,Clear,ciel dégagé,0.19404309333333333
2022-04-25,1650844800,21.56,36.39,35.68,23.67,28.48,22.07,35.68,1011.0,18,9.44,347,3,0.0,0.0,0,Clear,ciel dégagé,0.19404309333333333
2022-04-26,1650931200,20.13,32.05,31.09,21.92,26.26,20.37,31.09,1011.0,31,10.01,348,0,0.0,0.0,0,Clear,ciel dégagé,0.19404309333333333
2022-04-27,1651017600,18.64,33.95,32.02,19.96,26.91,18.75,32.02,1011.0,20,7.89,330,1,0.0,0.0,0,Clear,ciel dégagé,0.19404309333333333
2022-04-28,1651104000,18.84,36.07,33.98,20.67,28.5,18.99,33.98,1011.0,16,7.98,322,0,0.0,0.0,0,Clear,ciel dégagé,0.19404309333333333
2022-04-29,1651190400,19.52,35.35,33.62,21.79,27.76,19.77,33.62,1011.0,20,8.1,322,2,0.0,0.0,0,Clear,ciel dégagé,0.19404309333333333
2022-04-30,1651276800,19.09,36.17,34.23,21.51,27.92,19.29,34.23,1012.0,18,8.1,322,5,0.0,0.0,0,Clear,ciel dégagé,0.19404309333333333
2022-05-01,1651363200,19.6,35.92,34.47,21.26,27.56,19.6,34.47,1013.0,20,8.52,321,70,0.0,0.0,0,Clouds,nuageux,0.19286474
2022-05-02,1651449600,19.75,35.11,34.1,21.45,28.16,19.75,34.1,1012.0,19,7.79,315,60,0.0,0.0,0,Clouds,nuageux,0.19286474
2022-05-03,1651536000,18.86,32.92,30.46,20.16,25.87,18.86,30.46,1012.0,31,6.43,303,52,0.0,0.0,0,Clouds,nuageux,0.19286474
2022-05-04,1651622400,19.0,32.81,31.38,19.85,27.11,19.0,31.38,1012.0,29,6.22,320,22,0.0,0.0,0,Clouds,peu nuageux,0.19286474
2022-05-05,1651708800,19.91,35.18,33.54,20.98,28.48,20.13,33.54,1013.0,23,8.14,333,2,0.0,0.0,0,Clear,ciel dégagé,0.19286474
2022-05-06,1651795200,21.79,35.12,34.25,22.18,29.65,21.94,34.25,1013.0,22,8.82,337,2,0.0,0.0,0,Clear,ciel dégagé,0.19286474
2022-05-07,1651881600,22.8,35.34,35.32,23.86,28.15,22.82,35.32,1011.0,20,9.95,336,48,0.0,0.0,0,Clouds,partiellement nuageux,0.19286474
2022-05-08,1651968000,20.51,33.72,32.63,22.73,26.02,20.99,32.63,1010.0,27,9.12,323,17,0.0,0.0,0,Clouds,peu nuageux,0.19286474
2022-05-09,1652054400,19.7,31.71,26.23,20.23,26.67,20.16,26.23,1013.0,48,6.2,311,79,0.0,0.0,0,Clouds,nuageux,0.19286474
2022-05-10,1652140800,20.03,34.81,33.45,20.61,27.0,20.03,33.45,1012.0,31,7.99,310,29,0.0,0.0,0,Clouds,partiellement nuageux,0.19286474
2022-05-11,1652227200,20.14,37.15,33.17,21.38,28.54,20.22,33.17,1011.0,31,7.48,307,2,0.0,0.0,0,Clear,ciel dégagé,0.19184727000000001
2022-05-12,1652313600,19.88,39.68,37.87,21.09,30.25,20.53,37.87,1010.0,17,6.81,311,33,0.0,0.0,0,Clouds,partiellement nuageux,0.19184727000000001
2022-05-13,1652400000,21.04,37.44,33.85,23.19,31.47,21.14,33.85,1012.0,31,6.45,262,38,0.0,0.0,0,Clouds,partiellement nuageux,0.19184727000000001
2022-05-14,1652486400,20.93,39.96,35.13,21.99,33.65,20.93,35.13,1011.0,26,6.31,286,61,0.0,0.0,0,Clouds,nuageux,0.19184727000000001
2022-05-15,1652572800,21.26,43.79,41.87,23.46,33.33,21.26,41.87,1010.0,8,8.4,107,14,0.0,0.0,0,Clouds,peu nuageux,0.19184727000000001
2022-05-16,1652659200,22.9,42.94,39.04,24.67,35.5,25.35,39.04,1011.0,12,6.14,90,83,0.0,0.0,0,Clouds,nuageux,0.19184727000000001
2022-05-17,1652745600,21.89,41.95,36.57,23.94,35.87,21.89,36.57,1012.0,21,6.69,275,45,0.0,0.0,0,Clouds,partiellement nuageux,0.19184727000000001
2022-05-18,1652832000,22.09,38.08,35.31,23.5,31.7,22.09,35.31,1011.0,23,7.29,287,99,0.0,0.0,0,Clouds,couvert,0.19184727000000001
2022-05-19,1652918400,22.13,36.79,35.14,23.9,29.09,22.13,35.14,1010.0,23,8.11,327,26,0.0,0.0,0,Clouds,partiellement nuageux,0.19184727000000001
2022-05-20,1653004800,20.17,35.13,34.35,22.81,26.79,20.17,34.35,1012.0,24,9.27,329,3,0.0,0.0,0,Clear,ciel dégagé,0.19184727000000001
2022-05-21,1653091200,20.02,32.95,31.38,21.95,26.11,20.02,31.38,1015.0,34,6.67,321,65,0.0,0.0,0,Clouds,nuageux,0.19144250333333335
2022-05-22,1653177600,20.01,31.29,29.82,21.07,26.22,20.01,29.82,1014.0,36,6.55,312,94,0.0,0.0,0,Clouds,couvert,0.19144250333333335
2022-05-23,1653264000,19.42,30.52,29.24,20.06,25.63,19.42,29.24,1013.0,40,6.48,330,0,0.0,0.0,0,Clear,ciel dégagé,0.19144250333333335
2022-05-24,1653350400,19.56,31.97,30.24,20.5,25.72,19.67,30.24,1012.0,36,7.75,316,2,0.0,0.0,0,Clear,ciel dégagé,0.19144250333333335
2022-05-25,1653436800,20.02,31.81,30.26,20.83,26.25,20.02,30.26,1014.0,40,6.84,302,32,0.0,0.0,0,Clouds,partiellement nuageux,0.19144250333333335
2022-05-26,1653523200,20.63,33.94,29.28,20.96,28.39,21.14,29.28,1015.0,40,7.03,296,85,0.0,0.0,0,Clouds,couvert,0.19144250333333335
2022-05-27,1653609600,21.8,32.53,30.89,22.71,25.43,21.8,30.89,1016.0,40,6.27,313,63,0.0,2.66,0,Rain,légère pluie,0.19144250333333335
2022-05-28,1653696000,24.37,32.57,31.18,24.51,27.93,25.02,31.18,1014.0,44,7.96,330,100,0.0,1.17,0,Rain,légère pluie,0.19144250333333335
2022-05-29,1653782400,23.02,32.73,32.73,24.33,29.69,23.34,32.73,1012.0,38,7.25,323,93,0.0,0.0,0,Clouds,couvert,0.19144250333333335
2022-05-30,1653868800,23.36,33.8,31.37,25.27,28.64,23.51,31.37,1012.0,34,7.71,317,23,0.0,0.0,0,Clouds,peu nuageux,0.19144250333333335
2022-05-31,1653955200,22.97,33.06,32.52,24.56,27.64,22.97,32.52,1012.0,35,7.62,346,12,0.0,0.0,0,Clouds,peu nuageux,0.19144250333333335
2022-06-01,1654041600,21.56,37.2,34.72,23.06,30.9,21.56,34.72,1010.0,29,6.49,306,4,0.0,0.0,0,Clear,ciel dégagé,0.19187667
2022-06-02,1654128000,22.44,36.6,33.2,24.15,30.01,22.73,33.2,1009.0,33,6.9,293,72,0.0,0.0,0,Clouds,nuageux,0.19187667
2022-06-03,1654214400,24.25,37.52,33.05,25.27,31.92,24.36,33.05,1010.0,36,6.3,316,8,0.0,0.0,0,Clear,ciel dégagé,0.19187667
2022-06-04,1654300800,23.2,38.66,33.58,25.85,30.63,23.34,33.58,1010.0,31,7.4,275,14,0.0,0.0,0,Clouds,peu nuageux,0.19187667
2022-06-05,1654387200,22.14,37.16,33.88,23.78,30.73,22.2,33.88,1011.0,31,6.95,287,1,0.0,0.0,0,Clear,ciel dégagé,0.19187667
2022-06-06,1654473600,23.14,33.09,32.81,24.82,28.95,23.19,32.81,1012.0,37,6.48,286,6,0.0,0.0,0,Clear,ciel dégagé,0.19187667
2022-06-07,1654560000,23.27,32.11,30.86,24.44,28.6,23.54,30.86,1012.0,49,8.04,230,29,0.0,0.0,0,Clouds,partiellement nuageux,0.19187667
2022-06-08,1654646400,23.31,35.81,33.71,23.74,31.95,23.51,33.71,1012.0,40,7.59,262,38,0.0,0.56,0,Rain,légère pluie,0.19187667
2022-06-09,1654732800,23.77,30.71,30.12,24.56,28.82,24.39,30.12,1014.0,56,6.65,288,98,0.0,1.27,0,Rain,légère pluie,0.19187667
2022-06-10,1654819200,21.81,31.44,30.17,23.51,27.96,21.81,30.17,1012.0,48,6.76,289,42,0.0,0.0,0,Clouds,partiellement nuageux,0.19187667
2022-06-11,1654905600,21.93,34.11,31.91,23.07,29.38,21.93,31.91,1011.0,41,7.72,269,8,0.0,0.0,0,Clear,ciel dégagé,0.19555322
2022-06-12,1654992000,22.06,34.04,31.18,23.61,28.77,22.13,31.18,1011.0,41,7.4,278,19,0.0,0.0,0,Clouds,peu nuageux,0.19555322
2022-06-13,1655078400,21.31,33.76,31.12,22.26,28.92,21.31,31.12,1012.0,44,6.63,271,87,0.0,0.0,0,Clouds,couvert,0.19555322
2022-06-14,1655164800,21.88,31.99,29.09,22.44,29.74,22.08,29.09,1013.0,55,6.13,250,99,0.0,0.14,0,Rain,légère pluie,0.19555322
2022-06-15,1655251200,23.6,32.44,30.11,25.21,28.23,23.72,30.11,1015.0,52,6.89,302,2,0.0,0.27,0,Rain,légère pluie,0.19555322
2022-06-16,1655337600,23.19,30.28,29.65,24.5,27.86,23.24,29.65,1012.0,47,8.05,327,33,0.0,0.0,0,Clouds,partiellement nuageux,0.19555322
2022-06-17,1655424000,22.93,32.69,29.74,24.12,30.17,22.96,29.74,1007.0,47,6.08,304,70,0.0,0.0,0,Clouds,nuageux,0.19555322
2022-06-18,1655510400,25.1,34.74,32.26,25.43,33.33,25.1,32.26,1010.0,42,6.4,205,95,0.0,0.96,0,Rain,légère pluie,0.19555322
2022-06-19,1655596800,25.71,32.86,29.53,27.18,30.42,25.71,29.53,1013.0,55,9.2,197,100,0.0,7.61,0,Rain,pluie modérée,0.19555322
2022-06-20,1655683200,25.31,31.22,29.95,26.67,30.53,25.31,29.95,1015.0,53,6.75,205,100,0.0,1.24,0,Rain,légère pluie,0.19555322
2022-06-21,1655769600,25.48,32.97,30.24,27.09,30.42,25.6,30.24,1015.0,53,5.59,304,59,0.0,0.4,0,Rain,légère pluie,0.20466992333333334
2022-06-22,1655856000,25.85,34.21,32.05,27.35,31.09,25.93,32.05,1014.0,48,8.06,337,41,0.0,1.25,0,Rain,légère pluie,0.20466992333333334
2022-06-23,1655942400,25.55,34.02,32.62,27.67,31.74,25.55,32.62,1012.0,44,7.05,332,55,0.0,4.01,0,Rain,pluie modérée,0.20466992333333334
2022-06-24,1656028800,25.95,35.54,31.94,27.48,32.22,26.06,31.94,1012.0,48,6.42,311,62,0.0,2.44,0,Rain,légère pluie,0.20466992333333334
2022-06-25,1656115200,25.82,34.62,31.65,27.82,31.77,26.0,31.65,1011.0,47,6.23,311,61,0.0,0.47,0,Rain,légère pluie,0.20466992333333334
2022-06-26,1656201600,24.9,34.12,31.43,27.06,30.64,25.34,31.43,1011.0,44,6.84,319,73,0.0,0.0,0,Clouds,nuageux,0.20466992333333334
2022-06-27,1656288000,24.75,34.02,31.49,26.21,30.73,25.19,31.49,1013.0,41,6.08,299,12,0.0,0.11,0,Rain,légère pluie,0.20466992333333334
2022-06-28,1656374400,24.46,31.6,30.39,26.53,29.92,24.64,30.39,1014.0,48,8.78,312,50,0.0,0.0,0,Clouds,partiellement nuageux,0.20466992333333334
2022-06-29,1656460800,24.33,33.94,30.66,25.53,31.7,24.51,30.66,1013.0,46,6.47,289,93,0.0,0.0,0,Clouds,couvert,0.20466992333333334
2022-06-30,1656547200,24.94,32.95,31.23,26.21,30.21,25.02,31.23,1013.0,52,7.42,282,37,0.0,0.0,0,Clouds,partiellement nuageux,0.20466992333333334
2022-07-01,1656633600,24.51,31.45,30.41,25.53,29.58,24.6,30.41,1013.0,49,6.16,308,100,0.0,0.0,0,Clouds,couvert,0.22145596666666667
2022-07-02,1656720000,23.42,31.08,29.88,24.9,27.97,23.53,29.88,1014.0,47,7.21,309,31,0.0,0.0,0,Clouds,partiellement nuageux,0.22145596666666667
2022-07-03,1656806400,23.5,30.64,28.58,25.12,28.78,24.37,28.58,1014.0,52,5.99,315,37,0.0,0.0,0,Clouds,partiellement nuageux,0.22145596666666667
2022-07-04,1656892800,24.41,32.57,26.76,25.66,32.21,24.6,26.76,1014.0,66,6.53,306,97,0.0,6.75,0,Rain,pluie modérée,0.22145596666666667
2022-07-05,1656979200,25.38,33.68,30.99,25.95,29.75,25.88,30.99,1014.0,55,6.8,286,75,0.0,6.5,0,Rain,pluie modérée,0.22145596666666667
2022-07-06,1657065600,25.56,31.02,30.24,27.19,29.24,25.8,30.24,1014.0,60,7.04,289,61,0.0,0.0,0,Clouds,nuageux,0.22145596666666667
2022-07-07,1657152000,24.73,32.41,29.89,25.94,30.34,25.24,29.89,1014.0,54,7.39,252,32,0.0,0.0,0,Clouds,partiellement nuageux,0.22145596666666667
2022-07-08,1657238400,24.89,33.3,31.24,25.74,30.81,24.97,31.24,1015.0,52,7.36,266,100,0.0,0.13,0,Rain,légère pluie,0.22145596666666667
2022-07-09,1657324800,24.76,32.81,30.65,25.78,29.29,24.88,30.65,1014.0,54,6.74,306,68,0.0,1.9,0,Rain,légère pluie,0.22145596666666667
2022-07-10,1657411200,24.04,30.98,28.5,25.47,27.99,24.13,28.5,1013.0,59,6.49,306,56,0.0,0.0,0,Clouds,nuageux,0.22145596666666667
2022-07-11,1657497600,24.01,31.49,29.52,24.87,28.69,24.01,29.52,1012.0,58,6.36,304,80,0.0,0.0,0,Clouds,nuageux,0.2515312966666667
2022-07-12,1657584000,23.93,33.04,30.49,24.96,28.91,23.98,30.49,1014.0,54,7.06,301,42,0.0,0.0,0,Clouds,partiellement nuageux,0.2515312966666667
2022-07-13,1657670400,24.11,30.09,28.92,25.41,27.8,24.48,28.92,1015.0,59,6.37,282,53,0.0,0.0,0,Clouds,nuageux,0.2515312966666667
2022-07-14,1657756800,23.89,32.68,29.95,24.68,29.38,23.93,29.95,1013.0,51,7.16,291,83,0.0,0.1,0,Rain,légère pluie,0.2515312966666667
2022-07-15,1657843200,24.66,34.18,31.35,25.65,30.44,24.67,31.35,1012.0,53,7.25,293,28,0.0,1.02,0,Rain,légère pluie,0.2515312966666667
2022-07-16,1657929600,25.52,32.19,30.99,26.98,29.32,25.6,30.99,1013.0,57,7.66,290,31,0.0,0.0,0,Clouds,partiellement nuageux,0.2515312966666667
2022-07-17,1658016000,23.74,29.88,28.99,25.38,27.52,23.89,28.99,1012.0,49,7.48,284,63,0.0,0.0,0,Clouds,nuageux,0.2515312966666667
2022-07-18,1658102400,24.95,34.13,31.25,25.06,32.55,25.26,31.25,1011.0,46,5.81,205,100,0.0,0.0,0,Clouds,couvert,0.2515312966666667
2022-07-19,1658188800,25.96,33.98,32.13,27.59,29.76,25.96,32.13,1011.0,46,6.9,287,32,0.0,0.75,0,Rain,légère pluie,0.2515312966666667
2022-07-20,1658275200,26.2,31.74,30.68,27.54,29.48,26.3,30.68,1011.0,61,6.73,301,91,0.0,0.88,0,Rain,légère pluie,0.2515312966666667
2022-07-21,1658361600,25.79,31.51,28.13,26.58,29.49,25.92,28.13,1011.0,66,5.95,278,99,0.0,1.6,0,Rain,légère pluie,0.30150232
2022-07-22,1658448000,24.21,27.84,27.4,26.13,27.73,24.41,27.4,1011.0,74,4.07,177,98,0.0,45.79,0,Rain,forte pluie,0.30150232
2022-07-23,1658534400,25.3,29.82,27.44,26.48,28.61,25.3,27.44,1012.0,75,7.57,202,96,0.0,7.37,0,Rain,pluie modérée,0.30150232
2022-07-24,1658620800,25.77,31.9,30.07,26.76,30.35,25.82,30.07,1013.0,60,4.57,212,96,0.0,2.2,0,Rain,légère pluie,0.30150232
2022-07-25,1658707200,25.98,32.97,30.19,27.41,30.56,26.17,30.19,1013.0,55,5.86,312,72,0.0,0.0,0,Clouds,nuageux,0.30150232
2022-07-26,1658793600,24.6,33.87,30.56,27.34,31.69,25.73,30.56,1014.0,58,5.19,207,99,0.0,7.77,0,Rain,pluie modérée,0.30150232
2022-07-27,1658880000,26.28,31.22,30.53,27.82,30.07,26.3,30.53,1014.0,60,6.7,284,91,0.0,0.0,0,Clouds,couvert,0.30150232
2022-07-28,1658966400,25.93,30.66,29.4,27.08,29.53,26.18,29.4,1010.0,60,8.36,277,70,0.0,0.0,0,Clouds,nuageux,0.30150232
2022-07-29,1659052800,25.48,31.59,30.61,26.91,29.63,25.48,30.61,1012.0,56,9.56,234,98,0.0,0.0,0,Clouds,couvert,0.30150232
2022-07-30,1659139200,25.6,30.8,30.19,26.56,29.44,25.73,30.19,1013.0,55,9.04,254,88,0.0,0.37,0,Rain,légère pluie,0.30150232
2022-07-31,1659225600,25.6,30.39,29.7,26.89,28.88,25.86,29.7,1014.0,58,7.2,267,79,0.0,1.87,0,Rain,légère pluie,0.30150232
2022-08-01,1659312000,25.43,31.31,29.96,26.34,29.83,25.51,29.96,1014.0,56,5.63,268,89,0.0,0.0,0,Clouds,couvert,0.3671787366666666
2022-08-02,1659398400,25.52,31.68,30.42,26.89,29.15,25.64,30.42,1013.0,58,6.52,294,70,0.0,0.0,0,Clouds,nuageux,0.3671787366666666
2022-08-03,1659484800,25.97,29.32,28.03,26.99,28.16,25.97,28.03,1013.0,69,5.01,306,93,0.0,0.14,0,Rain,légère pluie,0.3671787366666666
2022-08-04,1659571200,25.26,30.35,29.59,26.21,29.12,25.32,29.59,1012.0,64,5.06,335,100,0.0,0.97,0,Rain,légère pluie,0.3671787366666666
2022-08-05,1659657600,25.24,32.18,28.65,26.44,31.68,25.37,28.65,1012.0,68,5.0,158,99,0.0,4.55,0,Rain,légère pluie,0.3671787366666666
2022-08-06,1659744000,25.64,33.28,31.0,26.85,30.92,25.85,31.0,1013.0,57,5.16,258,82,0.0,7.92,0,Rain,pluie modérée,0.3671787366666666
2022-08-07,1659830400,26.33,32.35,30.62,27.61,29.8,26.47,30.62,1012.0,64,6.0,322,76,0.0,6.09,0,Rain,pluie modérée,0.3671787366666666
2022-08-08,1659916800,26.25,33.38,30.28,27.57,31.72,26.37,30.28,1011.0,61,5.62,299,100,0.0,1.56,0,Rain,légère pluie,0.3671787366666666
2022-08-09,1660003200,26.44,31.61,30.61,27.56,30.49,26.55,30.61,1014.0,62,6.28,299,86,0.0,0.0,0,Clouds,couvert,0.3671787366666666
2022-08-10,1660089600,26.59,31.81,31.07,27.41,29.75,26.77,31.07,1012.0,60,7.05,292,79,0.0,0.0,0,Clouds,nuageux,0.3671787366666666
2022-08-11,1660176000,25.66,32.91,30.59,27.24,31.0,25.79,30.59,1010.0,56,6.85,235,37,0.0,0.0,0,Clouds,partiellement nuageux,0.43563053
2022-08-12,1660262400,26.58,33.6,32.01,27.61,31.75,26.7,32.01,1011.0,51,7.73,192,76,0.0,1.5,0,Rain,légère pluie,0.43563053
2022-08-13,1660348800,25.39,32.16,30.15,26.63,30.19,25.64,30.15,1012.0,58,9.26,188,100,0.0,5.33,0,Rain,pluie modérée,0.43563053
2022-08-14,1660435200,26.09,31.61,30.55,26.93,29.82,26.29,30.55,1013.0,58,6.77,194,62,0.0,0.66,0,Rain,légère pluie,0.43563053
2022-08-15,1660521600,26.25,32.21,30.77,27.17,29.89,26.39,30.77,1012.0,58,6.43,306,57,0.0,1.52,0,Rain,pluie modérée,0.43563053
2022-08-16,1660608000,26.57,32.0,31.17,27.28,29.67,26.86,31.17,1010.0,56,6.94,278,55,0.0,0.0,0,Clouds,nuageux,0.43563053
2022-08-17,1660694400,25.41,31.53,30.65,26.86,29.59,25.75,30.65,1010.0,54,6.33,243,94,0.0,0.8,0,Rain,légère pluie,0.43563053
2022-08-18,1660780800,25.96,29.27,28.15,27.28,28.87,25.96,28.15,1012.0,69,4.99,224,100,0.0,13.92,0,Rain,pluie modérée,0.43563053
2022-08-19,1660867200,25.7,30.89,30.27,26.59,28.44,25.7,30.27,1012.0,60,4.28,260,100,0.0,19.09,0,Rain,pluie modérée,0.43563053
2022-08-20,1660953600,24.54,28.38,25.21,27.09,27.33,25.94,25.21,1013.0,86,7.32,218,100,0.0,26.5,0,Rain,forte pluie,0.43563053
2022-08-21,1661040000,25.84,31.64,30.57,26.4,29.81,26.07,30.57,1014.0,56,6.85,285,95,0.0,5.77,0,Rain,pluie modérée,0.49733936333333334
2022-08-22,1661126400,26.64,31.89,30.91,27.74,29.95,26.77,30.91,1012.0,59,6.94,317,100,0.0,0.66,0,Rain,légère pluie,0.49733936333333334
2022-08-23,1661212800,26.35,32.18,30.42,27.46,29.4,26.35,30.42,1011.0,61,6.17,308,82,0.0,0.25,0,Rain,légère pluie,0.49733936333333334
2022-08-24,1661299200,25.5,33.8,30.37,26.8,29.88,25.68,30.37,1011.0,58,6.63,241,100,0.0,0.32,0,Rain,légère pluie,0.49733936333333334
2022-08-25,1661385600,26.12,31.95,30.62,27.54,30.52,26.35,30.62,1011.0,61,5.42,215,100,0.0,5.64,0,Rain,pluie modérée,0.49733936333333334
2022-08-26,1661472000,25.36,31.64,30.69,26.95,29.28,25.89,30.69,1013.0,57,5.14,190,90,0.0,8.35,0,Rain,pluie modérée,0.49733936333333334
2022-08-27,1661558400,25.9,31.41,30.85,27.38,29.58,26.04,30.85,1011.0,59,5.81,309,99,0.0,1.41,0,Rain,légère pluie,0.49733936333333334
2022-08-28,1661644800,25.95,31.99,29.9,27.07,30.22,26.56,29.9,1008.0,64,6.07,327,99,0.0,4.21,0,Rain,pluie modérée,0.49733936333333334
2022-08-29,1661731200,26.41,33.32,31.05,26.94,32.08,26.62,31.05,1009.0,60,5.55,100,97,0.0,6.69,0,Rain,pluie modérée,0.49733936333333334
2022-08-30,1661817600,24.6,28.45,28.45,26.4,25.78,25.07,28.45,1010.0,71,9.79,191,100,0.0,24.18,0,Rain,forte pluie,0.49733936333333334
2022-08-31,1661904000,24.28,27.15,25.8,25.29,26.27,24.28,25.8,1013.0,84,7.03,192,100,0.0,15.24,0,Rain,pluie modérée,0.49733936333333334
2022-09-01,1661990400,24.46,30.52,28.4,25.53,29.34,24.65,28.4,1012.0,70,6.66,222,98,0.0,1.7,0,Rain,pluie modérée,0.53451224
2022-09-02,1662076800,23.76,31.39,31.08,26.71,29.11,25.74,31.08,1014.0,59,5.89,285,63,0.0,22.4,0,Rain,forte pluie,0.53451224
2022-09-03,1662163200,22.33,28.69,26.38,23.66,28.06,24.02,26.38,1015.0,75,3.72,280,100,0.0,25.79,0,Rain,forte pluie,0.53451224
2022-09-04,1662249600,24.71,31.9,31.76,26.74,30.68,24.79,31.76,1013.0,56,5.61,71,69,0.0,8.96,0,Rain,pluie modérée,0.53451224
2022-09-05,1662336000,25.4,31.83,30.59,27.15,30.21,25.65,30.59,1015.0,60,5.5,177,100,0.0,1.74,0,Rain,pluie modérée,0.53451224
2022-09-06,1662422400,25.6,32.73,31.21,26.88,29.68,25.7,31.21,1015.0,61,6.34,324,43,0.0,0.4,0,Rain,légère pluie,0.53451224
2022-09-07,1662508800,26.43,31.47,31.0,27.36,28.88,26.6,31.0,1012.0,63,7.27,303,34,0.0,0.0,0,Clouds,partiellement nuageux,0.53451224
2022-09-08,1662595200,25.6,34.25,31.36,26.88,31.82,25.73,31.36,1010.0,57,6.7,228,48,0.0,7.06,0,Rain,pluie modérée,0.53451224
2022-09-09,1662681600,25.59,33.21,31.22,28.06,29.76,25.62,31.22,1013.0,58,5.54,232,95,0.0,13.14,0,Rain,forte pluie,0.53451224
2022-09-10,1662768000,22.52,30.87,27.19,27.19,29.28,22.52,27.19,1014.0,63,6.3,54,100,0.0,7.34,0,Rain,pluie modérée,0.53451224
2022-09-11,1662854400,26.69,31.56,30.34,27.29,28.91,26.86,30.34,1013.0,61,6.18,295,100,0.0,0.0,0,Clouds,couvert,0.5403356666666667
2022-09-12,1662940800,24.67,32.18,28.44,27.41,30.98,26.16,28.44,1011.0,71,8.95,173,94,0.0,17.58,0,Rain,forte pluie,0.5403356666666667
2022-09-13,1663027200,24.75,33.5,31.35,24.75,30.48,25.26,31.35,1012.0,59,5.73,171,74,0.0,3.51,0,Rain,pluie modérée,0.5403356666666667
2022-09-14,1663113600,25.79,29.81,25.79,27.25,29.56,26.17,25.79,1014.0,82,7.61,327,100,0.0,7.95,0,Rain,forte pluie,0.5403356666666667
2022-09-15,1663200000,25.41,34.61,32.16,26.16,32.21,25.82,32.16,1014.0,48,5.48,337,53,0.0,0.0,0,Clouds,nuageux,0.5403356666666667
2022-09-16,1663286400,26.13,34.24,32.18,27.49,30.61,26.36,32.18,1012.0,57,5.76,279,3,0.0,0.0,0,Clear,ciel dégagé,0.5403356666666667
2022-09-17,1663372800,26.02,32.44,31.23,27.44,28.69,26.37,31.23,1011.0,59,7.3,281,96,0.0,0.54,0,Rain,légère pluie,0.5403356666666667
2022-09-18,1663459200,25.52,32.82,30.85,26.54,29.87,25.53,30.85,1011.0,49,5.12,280,91,0.0,0.61,0,Rain,légère pluie,0.5403356666666667
2022-09-19,1663545600,26.54,32.97,29.31,27.22,29.35,26.7,29.31,1012.0,60,6.41,325,66,0.0,0.14,0,Rain,légère pluie,0.5403356666666667
2022-09-20,1663632000,26.65,32.93,29.69,27.45,30.24,26.84,29.69,1012.0,60,3.87,342,98,0.0,2.98,0,Rain,légère pluie,0.5403356666666667
2022-09-21,1663718400,25.9,33.83,30.88,26.54,29.97,25.9,30.88,1010.0,61,6.46,310,96,0.0,0.0,0,Clouds,couvert,0.52129002
2022-09-22,1663804800,24.05,29.5,27.38,27.9,27.82,24.3,27.38,1010.0,70,7.76,167,95,0.0,7.76,0,Rain,pluie modérée,0.52129002
2022-09-23,1663891200,24.03,31.8,29.64,24.32,29.86,24.03,29.64,1011.0,67,8.87,190,99,0.0,4.1,0,Rain,pluie modérée,0.52129002
2022-09-24,1663977600,26.29,32.73,31.87,26.99,30.24,26.44,31.87,1011.0,57,5.59,215,89,0.0,5.98,0,Rain,pluie modérée,0.52129002
2022-09-25,1664064000,26.1,32.5,30.68,26.8,28.66,26.19,30.68,1011.0,57,5.45,233,98,0.0,9.27,0,Rain,pluie modérée,0.52129002
2022-09-26,1664150400,25.33,33.76,31.23,25.95,30.41,25.33,31.23,1012.0,56,7.15,156,79,0.0,2.04,0,Rain,légère pluie,0.52129002
2022-09-27,1664236800,24.88,33.55,30.94,27.28,31.84,25.66,30.94,1013.0,54,6.09,161,72,0.0,0.33,0,Rain,légère pluie,0.52129002
2022-09-28,1664323200,26.21,33.17,32.36,27.5,30.61,26.41,32.36,1013.0,54,6.7,321,45,0.0,0.0,0,Clouds,partiellement nuageux,0.52129002
2022-09-29,1664409600,26.17,33.85,31.88,28.04,31.23,26.43,31.88,1011.0,55,6.01,251,89,0.0,0.44,0,Rain,légère pluie,0.52129002
2022-09-30,1664496000,26.12,32.95,31.88,27.6,29.75,26.31,31.88,1012.0,59,6.3,303,83,0.0,0.28,0,Rain,légère pluie,0.52129002
2022-10-01,1664582400,25.74,32.03,31.0,27.51,29.03,26.31,31.0,1012.0,53,5.92,318,61,0.0,0.41,0,Rain,légère pluie,0.48645511
2022-10-02,1664668800,25.1,32.34,30.05,26.08,28.5,25.1,30.05,1013.0,59,5.82,315,53,0.0,0.41,0,Rain,légère pluie,0.48645511
2022-10-03,1664755200,26.15,33.83,32.39,26.95,31.06,26.28,32.39,1013.0,43,5.56,348,51,0.0,0.52,0,Rain,légère pluie,0.48645511
2022-10-04,1664841600,25.79,35.73,32.66,28.67,32.79,26.24,32.66,1012.0,51,5.18,297,92,0.0,2.02,0,Rain,pluie modérée,0.48645511
2022-10-05,1664928000,27.38,33.99,33.29,29.13,30.58,27.6,33.29,1011.0,46,7.07,307,38,0.0,0.0,0,Clouds,partiellement nuageux,0.48645511
2022-10-06,1665014400,25.75,35.5,33.27,27.22,32.23,26.11,33.27,1010.0,47,5.79,279,64,0.0,0.15,0,Rain,légère pluie,0.48645511
2022-10-07,1665100800,25.86,34.11,32.35,27.85,29.53,26.02,32.35,1012.0,54,6.71,305,12,0.0,0.0,0,Clouds,peu nuageux,0.48645511
2022-10-08,1665187200,26.24,31.58,28.41,27.17,30.07,26.37,28.41,1013.0,71,5.52,326,100,0.0,3.36,0,Rain,pluie modérée,0.48645511
2022-10-09,1665273600,25.41,29.51,29.51,26.62,28.12,25.41,29.51,1015.0,59,5.05,354,100,0.0,0.1,0,Rain,légère pluie,0.48645511
2022-10-10,1665360000,26.16,33.6,31.22,26.74,31.54,26.24,31.22,1014.0,51,3.83,323,97,0.0,0.26,0,Rain,légère pluie,0.48645511
2022-10-11,1665446400,26.64,33.71,31.86,28.02,30.56,26.93,31.86,1013.0,54,6.44,325,93,0.0,0.0,0,Clouds,couvert,0.44405698666666665
2022-10-12,1665532800,25.98,32.47,31.54,27.57,31.69,26.28,31.54,1011.0,53,4.26,333,100,0.0,0.0,0,Clouds,couvert,0.44405698666666665
2022-10-13,1665619200,23.56,34.6,32.63,27.69,29.71,25.78,32.63,1013.0,53,8.51,88,78,0.0,8.29,0,Rain,pluie modérée,0.44405698666666665
2022-10-14,1665705600,24.77,32.91,31.27,24.9,29.07,24.89,31.27,1013.0,57,6.44,302,34,0.0,1.76,0,Rain,légère pluie,0.44405698666666665
2022-10-15,1665792000,25.14,31.3,30.46,26.57,29.18,25.14,30.46,1013.0,56,5.34,326,46,0.0,0.23,0,Rain,légère pluie,0.44405698666666665
2022-10-16,1665878400,25.18,32.84,30.89,26.33,28.77,25.23,30.89,1012.0,50,7.06,334,3,0.0,0.0,0,Clear,ciel dégagé,0.44405698666666665
2022-10-17,1665964800,25.32,34.94,32.63,26.65,33.48,25.45,32.63,1012.0,39,5.42,54,61,0.0,2.44,0,Rain,pluie modérée,0.44405698666666665
2022-10-18,1666051200,26.54,34.47,33.0,28.15,30.53,27.1,33.0,1014.0,50,6.5,318,19,0.0,3.39,0,Rain,pluie modérée,0.44405698666666665
2022-10-19,1666137600,24.86,32.8,31.45,25.3,30.65,25.02,31.45,1014.0,60,8.17,148,91,0.0,4.03,0,Rain,pluie modérée,0.44405698666666665
2022-10-20,1666224000,25.42,33.07,31.84,27.01,30.32,25.54,31.84,1012.0,52,5.31,286,8,0.0,0.0,0,Clear,ciel dégagé,0.44405698666666665
2022-10-21,1666310400,25.37,33.43,31.76,26.82,30.65,25.54,31.76,1012.0,49,5.63,285,5,0.0,0.0,0,Clear,ciel dégagé,0.40033891000000005
2022-10-22,1666396800,25.59,33.1,32.08,26.76,30.45,25.86,32.08,1012.0,47,5.39,277,0,0.0,0.0,0,Clear,ciel dégagé,0.40033891000000005
2022-10-23,1666483200,25.54,33.82,31.57,26.62,30.24,25.72,31.57,1013.0,48,5.74,307,6,0.0,0.25,0,Rain,légère pluie,0.40033891000000005
2022-10-24,1666569600,25.44,32.64,31.15,26.56,28.61,25.59,31.15,1014.0,54,5.56,295,30,0.0,1.21,0,Rain,légère pluie,0.40033891000000005
2022-10-25,1666656000,26.28,33.33,31.56,27.39,29.86,26.74,31.56,1014.0,51,6.77,347,100,0.0,2.79,0,Rain,pluie modérée,0.40033891000000005
2022-10-26,1666742400,26.05,36.32,34.69,27.2,30.72,26.23,34.69,1011.0,29,7.08,338,43,0.0,0.0,0,Clouds,partiellement nuageux,0.40033891000000005
2022-10-27,1666828800,25.41,37.24,35.64,27.26,32.33,25.5,35.64,1012.0,14,5.11,354,83,0.0,0.0,0,Clouds,nuageux,0.40033891000000005
2022-10-28,1666915200,26.04,38.27,36.19,27.99,33.99,26.04,36.19,1011.0,18,4.63,343,73,0.0,0.0,0,Clouds,nuageux,0.40033891000000005
2022-10-29,1667001600,25.52,35.77,33.11,28.18,32.77,25.95,33.11,1011.0,35,4.07,317,69,0.0,0.0,0,Clouds,nuageux,0.40033891000000005
2022-10-30,1667088000,25.98,36.42,34.63,27.94,34.01,26.4,34.63,1010.0,14,5.65,105,81,0.0,0.0,0,Clouds,nuageux,0.40033891000000005
2022-10-31,1667174400,25.47,36.45,34.31,27.16,34.53,25.72,34.31,1011.0,18,4.6,89,29,0.0,0.0,0,Clouds,partiellement nuageux,0.40033891000000005
2022-11-01,1667260800,25.43,36.82,34.91,28.05,34.19,26.29,34.91,1013.0,13,7.53,91,21,0.0,0.0,0,Clouds,peu nuageux,0.36265326666666664
2022-11-02,1667347200,24.96,36.56,34.68,28.8,34.55,25.37,34.68,1013.0,14,7.19,103,2,0.0,0.0,0,Clear,ciel dégagé,0.36265326666666664
2022-11-03,1667433600,25.09,36.53,34.4,28.02,33.45,25.35,34.4,1014.0,13,6.48,81,12,0.0,0.0,0,Clouds,peu nuageux,0.36265326666666664
2022-11-04,1667520000,24.19,35.81,33.8,27.64,32.05,24.42,33.8,1013.0,11,6.08,78,98,0.0,0.0,0,Clouds,couvert,0.36265326666666664
2022-11-05,1667606400,24.64,35.96,33.65,26.8,32.58,24.69,33.65,1012.0,11,5.43,92,100,0.0,0.0,0,Clouds,couvert,0.36265326666666664
2022-11-06,1667692800,24.12,35.21,33.57,26.98,30.41,24.81,33.57,1012.0,11,4.98,44,98,0.0,0.0,0,Clouds,couvert,0.36265326666666664
2022-11-07,1667779200,24.37,34.76,33.39,26.9,29.85,24.81,33.39,1013.0,18,6.4,335,34,0.0,0.0,0,Clouds,partiellement nuageux,0.36265326666666664
2022-11-08,1667865600,23.61,33.82,32.58,25.52,28.79,23.92,32.58,1013.0,26,6.4,346,57,0.0,0.0,0,Clouds,nuageux,0.36265326666666664
2022-11-09,1667952000,24.37,36.26,33.76,26.79,30.45,24.85,33.76,1013.0,22,5.47,329,46,0.0,0.0,0,Clouds,partiellement nuageux,0.36265326666666664
2022-11-10,1668038400,23.62,36.15,34.36,25.56,33.03,23.62,34.36,1012.0,15,6.56,126,97,0.0,0.0,0,Clouds,couvert,0.36265326666666664
2022-11-11,1668124800,23.27,35.07,33.72,26.03,30.6,23.44,33.72,1012.0,13,4.1,326,50,0.0,0.0,0,Clouds,partiellement nuageux,0.3325610033333333
2022-11-12,1668211200,23.01,34.9,32.79,25.01,30.89,23.01,32.79,1011.0,10,5.38,342,76,0.0,0.0,0,Clouds,nuageux,0.3325610033333333
2022-11-13,1668297600,22.75,34.86,32.99,25.16,29.01,22.86,32.99,1013.0,10,5.01,326,84,0.0,0.0,0,Clouds,nuageux,0.3325610033333333
2022-11-14,1668384000,22.68,33.07,31.89,24.91,29.13,22.96,31.89,1013.0,26,6.18,332,85,0.0,0.0,0,Clouds,couvert,0.3325610033333333
2022-11-15,1668470400,23.35,32.82,32.09,24.81,28.92,23.35,32.09,1013.0,28,5.88,354,84,0.0,0.0,0,Clouds,nuageux,0.3325610033333333
2022-11-16,1668556800,23.86,34.46,32.11,25.13,29.82,24.07,32.11,1013.0,33,6.11,305,93,0.0,0.0,0,Clouds,couvert,0.3325610033333333
2022-11-17,1668643200,24.61,35.87,33.6,26.11,32.79,24.61,33.6,1012.0,31,4.52,359,43,0.0,0.0,0,Clouds,partiellement nuageux,0.3325610033333333
2022-11-18,1668729600,24.31,35.7,34.3,26.76,32.16,24.67,34.3,1012.0,12,6.78,86,1,0.0,0.0,0,Clear,ciel dégagé,0.3325610033333333
2022-11-19,1668816000,21.68,33.4,32.31,25.69,28.59,22.35,32.31,1014.0,9,6.72,47,56,0.0,0.0,0,Clouds,nuageux,0.3325610033333333
2022-11-20,1668902400,20.27,32.03,30.71,23.79,28.35,20.59,30.71,1014.0,13,5.91,352,76,0.0,0.0,0,Clouds,nuageux,0.3325610033333333
2022-11-21,1668988800,20.84,34.95,32.15,23.47,31.28,20.97,32.15,1014.0,13,6.54,64,98,0.0,0.0,0,Clouds,couvert,0.3087351033333333
2022-11-22,1669075200,22.77,35.33,33.18,25.9,32.47,23.1,33.18,1013.0,12,8.85,78,72,0.0,0.0,0,Clouds,nuageux,0.3087351033333333
2022-11-23,1669161600,20.86,33.84,31.45,24.75,29.9,21.24,31.45,1013.0,12,7.98,67,3,0.0,0.0,0,Clear,ciel dégagé,0.3087351033333333
2022-11-24,1669248000,21.05,31.6,29.62,23.19,26.57,21.05,29.62,1013.0,11,5.48,35,100,0.0,0.0,0,Clouds,couvert,0.3087351033333333
2022-11-25,1669334400,22.07,32.41,31.51,24.27,28.22,22.14,31.51,1013.0,14,5.79,38,95,0.0,0.0,0,Clouds,couvert,0.3087351033333333
2022-11-26,1669420800,24.43,36.05,34.12,26.2,31.83,24.43,34.12,1013.0,11,6.21,61,90,0.0,0.0,0,Clouds,couvert,0.3087351033333333
2022-11-27,1669507200,22.41,35.06,33.19,25.81,28.98,22.74,33.19,1011.0,9,6.49,57,2,0.0,0.0,0,Clear,ciel dégagé,0.3087351033333333
2022-11-28,1669593600,20.29,33.32,31.34,23.82,28.62,20.65,31.34,1009.0,11,5.59,35,56,0.0,0.0,0,Clouds,nuageux,0.3087351033333333
2022-11-29,1669680000,20.79,34.04,31.71,23.08,29.4,21.41,31.71,1008.0,13,5.5,84,69,0.0,0.0,0,Clouds,nuageux,0.3087351033333333
2022-11-30,1669766400,20.8,34.41,32.0,22.67,28.21,20.86,32.0,1010.0,13,6.46,347,1,0.0,0.0,0,Clear,ciel dégagé,0.3087351033333333
2022-12-01,1669852800,20.98,31.44,29.75,23.03,25.69,21.52,29.75,1011.0,19,6.78,334,95,0.0,0.0,0,Clouds,couvert,0.29091620333333335
2022-12-02,1669939200,20.21,29.71,28.7,21.48,25.18,20.28,28.7,1011.0,30,5.98,332,95,0.0,0.0,0,Clouds,couvert,0.29091620333333335
2022-12-03,1670025600,18.89,29.18,26.97,20.59,24.49,19.26,26.97,1010.0,36,5.81,321,83,0.0,0.0,0,Clouds,nuageux,0.29091620333333335
2022-12-04,1670112000,20.04,28.98,27.09,20.97,24.88,20.09,27.09,1011.0,41,5.41,324,94,0.0,0.0,0,Clouds,couvert,0.29091620333333335
2022-12-05,1670198400,20.28,31.12,28.51,21.2,26.06,20.47,28.51,1014.0,42,6.05,338,32,0.0,1.38,0,Rain,légère pluie,0.29091620333333335
2022-12-06,1670284800,21.02,33.22,31.33,22.29,27.68,21.24,31.33,1014.0,28,6.66,332,9,0.0,1.85,0,Rain,légère pluie,0.29091620333333335
2022-12-07,1670371200,22.38,33.86,31.41,24.01,27.23,22.57,31.41,1012.0,30,7.18,349,5,0.0,0.0,0,Clear,ciel dégagé,0.29091620333333335
2022-12-08,1670457600,22.25,34.79,31.99,24.12,26.31,22.43,31.99,1011.0,33,8.03,338,1,0.0,0.0,0,Clear,ciel dégagé,0.29091620333333335
2022-12-09,1670544000,21.56,36.45,33.57,23.67,29.1,21.61,33.57,1012.0,21,7.54,45,22,0.0,0.0,0,Clouds,peu nuageux,0.29091620333333335
2022-12-10,1670630400,23.53,36.8,34.72,24.86,32.91,23.57,34.72,1013.0,13,5.28,341,0,0.0,0.0,0,Clear,ciel dégagé,0.29091620333333335
2022-12-11,1670716800,23.01,36.41,34.08,24.82,33.6,23.13,34.08,1013.0,11,5.01,55,0,0.0,0.0,0,Clear,ciel dégagé,0.2780064133333333
2022-12-12,1670803200,23.09,36.27,33.57,26.95,32.99,23.57,33.57,1013.0,8,7.65,86,25,0.0,0.0,0,Clouds,partiellement nuageux,0.2780064133333333
2022-12-13,1670889600,20.75,35.97,33.96,24.11,32.9,21.2,33.96,1013.0,8,7.67,90,0,0.0,0.0,0,Clear,ciel dégagé,0.2780064133333333
2022-12-14,1670976000,21.87,35.59,33.57,25.04,32.18,22.41,33.57,1013.0,8,7.73,65,0,0.0,0.0,0,Clear,ciel dégagé,0.2780064133333333
2022-12-15,1671062400,21.72,35.13,32.96,24.98,30.23,22.04,32.96,1013.0,12,6.64,60,1,0.0,0.0,0,Clear,ciel dégagé,0.2780064133333333
2022-12-16,1671148800,20.94,34.1,31.69,23.65,27.14,21.29,31.69,1011.0,15,5.98,340,0,0.0,0.0,0,Clear,ciel dégagé,0.2780064133333333
2022-12-17,1671235200,19.29,34.53,32.7,21.44,29.73,19.29,32.7,1011.0,13,5.99,44,1,0.0,0.0,0,Clear,ciel dégagé,0.2780064133333333
2022-12-18,1671321600,20.89,34.86,32.68,23.03,32.0,20.95,32.68,1013.0,9,7.21,85,96,0.0,0.0,0,Clouds,couvert,0.2780064133333333
2022-12-19,1671408000,21.58,35.48,33.07,24.58,31.58,21.71,33.07,1013.0,10,7.91,74,76,0.0,0.0,0,Clouds,nuageux,0.2780064133333333
2022-12-20,1671494400,21.11,34.67,31.8,24.5,32.06,21.78,31.8,1013.0,11,9.19,79,0,0.0,0.0,0,Clear,ciel dégagé,0.2780064133333333
2022-12-21,1671580800,18.18,33.55,30.72,22.41,30.56,18.54,30.72,1015.0,12,8.62,72,0,0.0,0.0,0,Clear,ciel dégagé,0.2686901466666667
2022-12-22,1671667200,18.03,33.55,30.85,21.88,30.7,18.47,30.85,1015.0,12,7.1,90,0,0.0,0.0,0,Clear,ciel dégagé,0.2686901466666667
2022-12-23,1671753600,17.94,31.55,28.94,22.25,29.3,18.21,28.94,1015.0,14,9.68,84,0,0.0,0.0,0,Clear,ciel dégagé,0.2686901466666667
2022-12-24,1671840000,17.45,32.06,29.01,20.75,28.88,17.76,29.01,1015.0,14,8.14,80,2,0.0,0.0,0,Clear,ciel dégagé,0.2686901466666667
2022-12-25,1671926400,17.43,32.15,29.51,20.19,28.44,17.8,29.51,1015.0,12,7.03,76,0,0.0,0.0,0,Clear,ciel dégagé,0.2686901466666667
2022-12-26,1672012800,17.63,30.96,28.95,20.36,24.28,17.93,28.95,1013.0,12,7.92,328,74,0.0,0.0,0,Clouds,nuageux,0.2686901466666667
2022-12-27,1672099200,18.29,27.22,26.36,20.04,23.32,18.29,26.36,1014.0,41,6.5,329,95,0.0,0.0,0,Clouds,couvert,0.2686901466666667
2022-12-28,1672185600,18.04,28.22,25.34,19.72,23.23,18.35,25.34,1015.0,49,6.03,312,90,0.0,0.0,0,Clouds,couvert,0.2686901466666667
2022-12-29,1672272000,19.91,24.23,23.42,21.13,23.19,20.42,23.42,1015.0,59,2.95,309,92,0.0,0.73,0,Rain,légère pluie,0.2686901466666667
2022-12-30,1672358400,20.07,26.11,24.53,21.37,25.55,20.37,24.53,1016.0,47,3.58,331,71,0.0,0.98,0,Rain,légère pluie,0.2686901466666667
2022-12-31,1672444800,19.74,31.4,29.73,23.08,29.7,20.04,29.73,1015.0,18,6.65,74,28,0.0,0.0,0,Clouds,partiellement nuageux,0.2686901466666667
2023-01-01,1672531200,21.25,33.63,30.43,25.05,31.59,21.99,30.43,1014.0,11,7.58,87,1,0.0,0.0,0,Clear,ciel dégagé,0.2616242166666667
2023-01-02,1672617600,20.9,33.92,29.92,24.58,31.73,21.78,29.92,1015.0,9,7.93,81,79,0.0,0.0,0,Clouds,nuageux,0.2616242166666667
2023-01-03,1672704000,20.13,34.23,31.25,23.9,32.23,20.61,31.25,1014.0,10,7.85,89,82,0.0,0.0,0,Clouds,nuageux,0.2616242166666667
2023-01-04,1672790400,20.57,32.42,30.69,24.28,30.59,21.67,30.69,1015.0,11,8.47,88,75,0.0,0.0,0,Clouds,nuageux,0.2616242166666667
2023-01-05,1672876800,20.82,31.04,28.26,24.32,29.53,21.76,28.26,1015.0,13,7.25,73,99,0.0,0.0,0,Clouds,couvert,0.2616242166666667
2023-01-06,1672963200,20.39,32.22,28.83,23.34,28.21,20.87,28.83,1016.0,11,5.88,77,100,0.0,0.0,0,Clouds,couvert,0.2616242166666667
2023-01-07,1673049600,20.67,32.85,30.58,22.23,29.96,20.67,30.58,1016.0,11,6.3,3,99,0.0,0.0,0,Clouds,couvert,0.2616242166666667
2023-01-08,1673136000,24.77,31.03,28.47,25.16,29.93,25.96,28.47,1018.0,32,4.99,15,100,0.0,0.0,0,Clouds,couvert,0.2616242166666667
2023-01-09,1673222400,24.57,28.62,27.04,26.82,27.51,24.92,27.04,1018.0,19,7.22,48,100,0.0,0.0,0,Clouds,couvert,0.2616242166666667
2023-01-10,1673308800,23.73,32.29,29.21,24.61,30.64,23.73,29.21,1018.0,9,9.21,70,99,0.0,0.0,0,Clouds,couvert,0.2616242166666667
2023-01-11,1673395200,20.0,34.33,31.35,24.39,31.35,20.54,31.35,1017.0,9,7.72,77,47,0.0,0.0,0,Clouds,partiellement nuageux,0.25591357
2023-01-12,1673481600,19.28,32.3,30.16,23.26,30.11,19.78,30.16,1015.0,9,6.23,62,0,0.0,0.0,0,Clear,ciel dégagé,0.25591357
2023-01-13,1673568000,20.71,32.82,29.94,22.87,31.42,21.19,29.94,1014.0,9,7.33,70,98,0.0,0.0,0,Clouds,couvert,0.25591357
2023-01-14,1673654400,20.83,34.55,31.72,24.05,31.93,21.33,31.72,1013.0,8,7.52,81,27,0.0,0.0,0,Clouds,partiellement nuageux,0.25591357
2023-01-15,1673740800,20.07,35.22,31.58,23.98,33.41,20.98,31.58,1013.0,8,7.72,84,7,0.0,0.0,0,Clear,ciel dégagé,0.25591357
2023-01-16,1673827200,20.58,34.35,31.36,24.24,32.62,21.02,31.36,1013.0,8,7.67,97,97,0.0,0.0,0,Clouds,couvert,0.25591357
2023-01-17,1673913600,22.07,35.29,31.86,26.01,33.62,22.44,31.86,1014.0,9,7.57,81,100,0.0,0.0,0,Clouds,couvert,0.25591357
2023-01-18,1674000000,22.64,33.96,31.99,24.36,32.26,23.05,31.99,1014.0,9,8.09,69,97,0.0,0.0,0,Clouds,couvert,0.25591357
2023-01-19,1674086400,19.47,32.71,30.52,22.41,26.13,19.96,30.52,1015.0,12,7.74,349,9,0.0,0.0,0,Clear,ciel dégagé,0.25591357
2023-01-20,1674172800,16.87,29.23,27.58,19.68,23.4,17.21,27.58,1015.0,23,7.15,336,0,0.0,0.0,0,Clear,ciel dégagé,0.25591357
2023-01-21,1674259200,15.82,26.33,24.43,17.76,22.42,16.12,24.43,1015.0,38,6.45,349,35,0.0,0.0,0,Clouds,partiellement nuageux,0.24973536333333335
2023-01-22,1674345600,15.24,28.08,25.82,16.33,23.84,15.34,25.82,1013.0,31,5.8,322,5,0.0,0.0,0,Clear,ciel dégagé,0.24973536333333335
2023-01-23,1674432000,16.25,29.13,26.96,17.46,25.0,16.27,26.96,1012.0,26,5.73,307,0,0.0,0.0,0,Clear,ciel dégagé,0.24973536333333335
2023-01-24,1674518400,17.06,30.69,27.4,18.09,25.65,17.06,27.4,1012.0,27,5.88,312,60,0.0,0.0,0,Clouds,nuageux,0.24973536333333335
2023-01-25,1674604800,19.66,29.56,28.75,20.56,26.05,19.66,28.75,1013.0,33,5.18,322,60,0.0,0.0,0,Clouds,nuageux,0.24973536333333335
2023-01-26,1674691200,20.41,33.66,31.42,21.09,26.22,20.65,31.42,1012.0,27,7.37,328,64,0.0,0.0,0,Clouds,nuageux,0.24973536333333335
2023-01-27,1674777600,20.27,37.0,33.67,21.28,32.21,20.29,33.67,1012.0,13,7.55,68,49,0.0,0.0,0,Clouds,partiellement nuageux,0.24973536333333335
2023-01-28,1674864000,19.48,32.99,30.72,24.9,27.97,21.54,30.72,1013.0,10,7.85,42,43,0.0,0.0,0,Clouds,partiellement nuageux,0.24973536333333335
2023-01-29,1674950400,14.82,28.64,25.15,19.15,22.79,15.6,25.15,1014.0,16,6.8,344,70,0.0,0.0,0,Clouds,nuageux,0.24973536333333335
2023-01-30,1675036800,14.67,29.73,26.51,16.83,25.94,14.7,26.51,1014.0,14,5.78,335,81,0.0,0.0,0,Clouds,nuageux,0.24973536333333335
2023-01-31,1675123200,15.42,31.53,28.47,17.13,24.64,15.76,28.47,1014.0,14,7.54,341,15,0.0,0.0,0,Clouds,peu nuageux,0.24973536333333335
2023-02-01,1675209600,15.74,30.68,28.56,18.14,23.86,16.04,28.56,1015.0,14,7.54,341,43,0.0,0.0,0,Clouds,partiellement nuageux,0.2419542166666667
2023-02-02,1675296000,15.73,30.91,27.52,17.86,24.06,16.02,27.52,1015.0,25,7.21,336,18,0.0,0.0,0,Clouds,peu nuageux,0.2419542166666667
2023-02-03,1675382400,16.48,32.37,29.89,17.28,26.44,16.48,29.89,1015.0,8,5.76,322,78,0.0,0.0,0,Clouds,nuageux,0.2419542166666667
2023-02-04,1675468800,18.73,33.04,29.22,19.49,27.96,19.45,29.22,1015.0,10,6.95,347,100,0.0,0.0,0,Clouds,couvert,0.2419542166666667
2023-02-05,1675555200,16.26,31.36,28.38,20.84,25.12,17.45,28.38,1015.0,10,7.23,342,27,0.0,0.0,0,Clouds,partiellement nuageux,0.2419542166666667
2023-02-06,1675641600,16.2,28.6,26.86,18.18,21.94,16.88,26.86,1014.0,15,8.7,344,11,0.0,0.0,0,Clouds,peu nuageux,0.2419542166666667
2023-02-07,1675728000,16.32,29.82,27.02,17.3,22.65,16.67,27.02,1014.0,15,7.95,341,40,0.0,0.0,0,Clouds,partiellement nuageux,0.2419542166666667
2023-02-08,1675814400,17.98,33.61,30.21,19.19,28.47,18.15,30.21,1013.0,12,6.64,336,82,0.0,0.0,0,Clouds,nuageux,0.2419542166666667
2023-02-09,1675900800,19.22,36.17,32.0,20.77,33.54,20.67,32.0,1013.0,11,7.25,334,55,0.0,0.0,0,Clouds,nuageux,0.2419542166666667
2023-02-10,1675987200,18.13,31.2,27.82,18.7,25.94,18.13,27.82,1013.0,35,9.31,351,60,0.0,0.0,0,Clouds,nuageux,0.2419542166666667
2023-02-11,1676073600,18.57,32.78,30.33,19.44,23.71,18.57,30.33,1013.0,13,7.81,336,85,0.0,0.0,0,Clouds,couvert,0.23455886
2023-02-12,1676160000,18.86,30.4,30.19,19.82,24.53,18.86,30.19,1012.0,27,8.71,342,87,0.0,0.0,0,Clouds,couvert,0.23455886
2023-02-13,1676246400,19.83,33.53,31.21,20.11,28.67,21.09,31.21,1013.0,25,12.98,39,86,0.0,0.0,0,Clouds,couvert,0.23455886
2023-02-14,1676332800,19.17,30.07,28.43,22.81,25.08,22.23,28.43,1014.0,31,10.31,24,98,0.0,0.0,0,Clouds,couvert,0.23455886
2023-02-15,1676419200,17.51,31.88,30.01,19.29,23.52,18.17,30.01,1011.0,31,8.4,335,58,0.0,0.0,0,Clouds,nuageux,0.23455886
2023-02-16,1676505600,17.7,32.66,29.49,18.17,24.38,19.02,29.49,1010.0,27,8.2,331,66,0.0,0.0,0,Clouds,nuageux,0.23455886
2023-02-17,1676592000,17.69,33.21,30.65,18.38,25.09,18.0,30.65,1011.0,18,7.66,337,19,0.0,0.0,0,Clouds,peu nuageux,0.23455886
2023-02-18,1676678400,18.93,35.76,33.29,19.87,24.9,19.41,33.29,1011.0,14,9.34,342,41,0.0,0.0,0,Clouds,partiellement nuageux,0.23455886
2023-02-19,1676764800,20.61,36.78,35.06,21.39,31.1,20.72,35.06,1010.0,11,7.29,354,83,0.0,0.0,0,Clouds,nuageux,0.23455886
2023-02-20,1676851200,20.58,37.27,34.46,20.64,29.46,21.32,34.46,1011.0,11,8.07,351,51,0.0,0.0,0,Clouds,nuageux,0.23455886
2023-02-21,1676937600,18.86,34.67,32.24,21.4,28.26,18.97,32.24,1012.0,17,8.25,356,24,0.0,0.0,0,Clouds,peu nuageux,0.22924476000000002
2023-02-22,1677024000,20.33,36.65,34.21,22.91,25.83,20.72,34.21,1013.0,13,9.18,343,26,0.0,0.0,0,Clouds,partiellement nuageux,0.22924476000000002
2023-02-23,1677110400,18.42,31.22,30.32,20.14,24.4,18.93,30.32,1013.0,25,9.22,340,72,0.0,0.0,0,Clouds,nuageux,0.22924476000000002
2023-02-24,1677196800,16.53,31.55,29.41,19.16,24.38,17.17,29.41,1014.0,24,7.58,338,10,0.0,0.0,0,Clear,ciel dégagé,0.22924476000000002
2023-02-25,1677283200,16.76,31.6,29.4,18.24,24.24,17.05,29.4,1014.0,24,8.12,339,14,0.0,0.0,0,Clouds,peu nuageux,0.22924476000000002
2023-02-26,1677369600,16.51,30.88,28.87,18.26,24.06,16.72,28.87,1015.0,27,7.8,335,56,0.0,0.0,0,Clouds,nuageux,0.22924476000000002
2023-02-27,1677456000,16.42,31.63,28.76,17.79,25.38,16.91,28.76,1015.0,26,7.24,329,2,0.0,0.0,0,Clear,ciel dégagé,0.22924476000000002
2023-02-28,1677542400,18.03,36.75,33.13,19.71,32.58,18.1,33.13,1015.0,12,6.81,52,3,0.0,0.0,0,Clear,ciel dégagé,0.22924476000000002
2023-03-01,1677628800,21.47,37.62,34.45,23.54,32.33,21.89,34.45,1014.0,9,8.14,67,1,0.0,0.0,0,Clear,ciel dégagé,0.22511762000000002
2023-03-02,1677715200,21.79,36.37,33.88,25.39,31.12,21.94,33.88,1014.0,12,8.4,345,46,0.0,0.0,0,Clouds,partiellement nuageux,0.22511762000000002
2023-03-03,1677801600,19.3,34.46,32.74,23.13,29.43,20.05,32.74,1013.0,9,6.5,328,68,0.0,0.0,0,Clouds,nuageux,0.22511762000000002
2023-03-04,1677888000,18.88,36.13,33.33,20.41,28.3,19.41,33.33,1011.0,9,7.31,332,88,0.0,0.0,0,Clouds,couvert,0.22511762000000002
2023-03-05,1677974400,19.22,37.22,34.88,21.29,30.38,19.22,34.88,1012.0,8,5.92,342,16,0.0,0.0,0,Clouds,peu nuageux,0.22511762000000002
2023-03-06,1678060800,19.98,38.63,35.2,20.8,34.97,20.15,35.2,1012.0,10,5.54,76,96,0.0,0.0,0,Clouds,couvert,0.22511762000000002
2023-03-07,1678147200,20.85,39.58,36.84,21.3,31.34,20.91,36.84,1012.0,9,6.87,341,78,0.0,0.0,0,Clouds,nuageux,0.22511762000000002
2023-03-08,1678233600,23.82,40.18,38.5,24.42,34.6,24.32,38.5,1011.0,8,8.23,81,0,0.0,0.0,0,Clear,ciel dégagé,0.22511762000000002
2023-03-09,1678320000,21.66,37.37,36.23,29.55,31.37,23.5,36.23,1012.0,8,8.18,337,0,0.0,0.0,0,Clear,ciel dégagé,0.22511762000000002
2023-03-10,1678406400,19.29,38.83,36.3,20.99,35.09,19.4,36.3,1012.0,6,6.39,76,0,0.0,0.0,0,Clear,ciel dégagé,0.22511762000000002
2023-03-11,1678492800,21.38,39.53,36.9,24.61,34.93,21.63,36.9,1011.0,5,6.48,81,0,0.0,0.0,0,Clear,ciel dégagé,0.22101770333333334
2023-03-12,1678579200,20.96,38.58,37.4,25.57,31.98,21.26,37.4,1010.0,7,7.12,326,0,0.0,0.0,0,Clear,ciel dégagé,0.22101770333333334
2023-03-13,1678665600,20.3,38.57,36.59,22.49,32.69,20.85,36.59,1010.0,6,7.5,333,2,0.0,0.0,0,Clear,ciel dégagé,0.22101770333333334
2023-03-14,1678752000,19.97,36.73,33.82,22.97,29.12,20.71,33.82,1009.0,16,7.58,285,0,0.0,0.0,0,Clear,ciel dégagé,0.22101770333333334
2023-03-15,1678838400,18.9,35.03,32.57,20.33,28.28,19.02,32.57,1011.0,21,7.05,292,1,0.0,0.0,0,Clear,ciel dégagé,0.22101770333333334
2023-03-16,1678924800,18.23,31.2,29.2,19.45,27.03,18.23,29.2,1011.0,39,5.43,314,48,0.0,0.0,0,Clouds,partiellement nuageux,0.22101770333333334
2023-03-17,1679011200,18.65,33.84,29.7,19.78,28.19,18.8,29.7,1011.0,34,6.81,321,21,0.0,0.0,0,Clouds,peu nuageux,0.22101770333333334
2023-03-18,1679097600,18.51,35.76,32.71,20.06,29.03,18.59,32.71,1011.0,27,7.35,317,0,0.0,0.0,0,Clear,ciel dégagé,0.22101770333333334
2023-03-19,1679184000,18.67,37.9,36.3,20.06,30.2,18.73,36.3,1011.0,15,8.52,329,2,0.0,0.0,0,Clear,ciel dégagé,0.22101770333333334
2023-03-20,1679270400,18.92,35.14,33.68,22.56,29.29,19.52,33.68,1012.0,15,7.43,329,0,0.0,0.0,0,Clear,ciel dégagé,0.22101770333333334
2023-03-21,1679356800,17.74,31.61,30.07,20.51,24.88,17.96,30.07,1011.0,28,7.46,325,1,0.0,0.0,0,Clear,ciel dégagé,0.21672463
2023-03-22,1679443200,17.45,28.58,27.05,19.06,23.15,17.63,27.05,1012.0,43,7.09,318,2,0.0,0.0,0,Clear,ciel dégagé,0.21672463
2023-03-23,1679529600,16.83,27.53,26.03,17.73,23.33,16.9,26.03,1014.0,44,6.63,317,0,0.0,0.0,0,Clear,ciel dégagé,0.21672463
2023-03-24,1679616000,16.76,28.4,26.76,17.67,26.15,16.89,26.76,1014.0,36,6.0,337,0,0.0,0.0,0,Clear,ciel dégagé,0.21672463
2023-03-25,1679702400,17.81,32.77,30.72,18.76,26.03,17.98,30.72,1013.0,31,8.22,306,2,0.0,0.0,0,Clear,ciel dégagé,0.21672463
2023-03-26,1679788800,19.16,36.88,34.81,20.14,28.98,19.23,34.81,1012.0,17,7.55,317,2,0.0,0.0,0,Clear,ciel dégagé,0.21672463
2023-03-27,1679875200,20.42,37.25,35.85,22.21,31.23,20.59,35.85,1011.0,12,7.53,326,31,0.0,0.0,0,Clouds,partiellement nuageux,0.21672463
2023-03-28,1679961600,21.74,36.53,35.34,23.87,31.66,22.37,35.34,1010.0,12,7.52,318,5,0.0,0.0,0,Clear,ciel dégagé,0.21672463
2023-03-29,1680048000,20.7,37.76,36.43,22.75,28.31,20.7,36.43,1011.0,11,8.13,320,0,0.0,0.0,0,Clear,ciel dégagé,0.21672463
2023-03-30,1680134400,19.29,38.05,36.1,21.4,30.98,19.3,36.1,1012.0,15,7.63,330,13,0.0,0.0,0,Clouds,peu nuageux,0.21672463
2023-03-31,1680220800,20.76,41.13,38.73,22.39,36.57,21.73,38.73,1011.0,18,8.44,97,28,0.0,0.0,0,Clouds,partiellement nuageux,0.21672463
2023-04-01,1680307200,23.22,39.94,38.7,24.97,33.77,23.74,38.7,1010.0,5,7.73,341,0,0.0,0.0,0,Clear,ciel dégagé,0.21280310666666669
2023-04-02,1680393600,22.92,39.59,37.92,24.87,32.02,23.04,37.92,1009.0,6,7.16,289,77,0.0,0.0,0,Clouds,nuageux,0.21280310666666669
2023-04-03,1680480000,19.83,37.13,34.05,22.87,31.67,19.83,34.05,1008.0,22,6.53,259,4,0.0,0.0,0,Clear,ciel dégagé,0.21280310666666669
2023-04-04,1680566400,21.06,38.09,35.2,21.39,30.39,21.06,35.2,1008.0,14,7.24,297,13,0.0,0.0,0,Clouds,peu nuageux,0.21280310666666669
2023-04-05,1680652800,20.26,36.13,34.58,22.27,29.36,20.26,34.58,1009.0,12,8.43,348,89,0.0,0.0,0,Clouds,couvert,0.21280310666666669
2023-04-06,1680739200,19.44,34.8,32.48,23.91,27.66,20.54,32.48,1011.0,15,7.57,336,100,0.0,0.0,0,Clouds,couvert,0.21280310666666669
2023-04-07,1680825600,18.72,34.27,31.69,21.01,27.31,18.95,31.69,1011.0,25,7.84,318,86,0.0,0.0,0,Clouds,couvert,0.21280310666666669
2023-04-08,1680912000,19.07,31.15,29.54,20.23,25.6,19.07,29.54,1012.0,31,7.46,337,94,0.0,0.0,0,Clouds,couvert,0.21280310666666669
2023-04-09,1680998400,18.45,29.52,28.54,19.62,23.82,18.59,28.54,1013.0,28,7.98,359,56,0.0,0.0,0,Clouds,nuageux,0.21280310666666669
2023-04-10,1681084800,17.99,29.99,28.21,18.99,24.34,17.99,28.21,1013.0,33,7.59,344,2,0.0,0.0,0,Clear,ciel dégagé,0.21280310666666669
2023-04-11,1681171200,18.12,30.83,28.94,19.22,26.37,18.13,28.94,1013.0,28,6.34,328,97,0.0,0.0,0,Clouds,couvert,0.21033416333333332
2023-04-12,1681257600,19.16,33.32,29.66,20.38,27.44,19.16,29.66,1012.0,37,7.13,323,90,0.0,0.23,0,Rain,légère pluie,0.21033416333333332
2023-04-13,1681344000,21.07,35.73,33.06,21.8,29.85,21.26,33.06,1012.0,31,8.15,339,93,0.0,1.14,0,Rain,légère pluie,0.21033416333333332
2023-04-14,1681430400,23.25,37.81,36.57,24.15,29.28,23.25,36.57,1011.0,24,10.15,343,17,0.0,0.0,0,Clouds,peu nuageux,0.21033416333333332
2023-04-15,1681516800,24.26,38.05,37.3,25.65,29.0,24.26,37.3,1011.0,22,10.26,348,24,0.0,0.0,0,Clouds,peu nuageux,0.21033416333333332
2023-04-16,1681603200,23.46,38.31,36.67,25.93,31.1,23.74,36.67,1010.0,22,9.26,352,4,0.0,0.0,0,Clear,ciel dégagé,0.21033416333333332
2023-04-17,1681689600,22.16,36.73,34.9,24.56,28.56,22.88,34.9,1008.0,24,9.86,343,4,0.0,0.0,0,Clear,ciel dégagé,0.21033416333333332
2023-04-18,1681776000,20.21,31.81,31.51,22.07,25.91,20.72,31.51,1011.0,31,8.97,347,91,0.0,0.0,0,Clouds,couvert,0.21033416333333332
2023-04-19,1681862400,19.4,32.48,30.43,21.16,24.89,19.77,30.43,1012.0,31,9.07,339,99,0.0,0.0,0,Clouds,couvert,0.21033416333333332
2023-04-20,1681948800,19.11,32.09,30.9,19.9,24.95,19.27,30.9,1012.0,28,9.05,344,9,0.0,0.0,0,Clear,ciel dégagé,0.21033416333333332
2023-04-21,1682035200,19.35,29.38,28.11,19.9,23.33,19.56,28.11,1013.0,36,8.37,340,95,0.0,0.0,0,Clouds,couvert,0.20834512333333333
2023-04-22,1682121600,19.47,29.75,28.45,19.47,25.76,21.36,28.45,1011.0,37,8.01,353,41,0.0,0.0,0,Clouds,partiellement nuageux,0.20834512333333333
2023-04-23,1682208000,18.88,33.3,32.04,20.05,27.17,19.31,32.04,1010.0,23,8.03,336,18,0.0,0.0,0,Clouds,peu nuageux,0.20834512333333333
2023-04-24,1682294400,19.51,35.1,33.75,20.41,27.9,19.58,33.75,1010.0,23,7.94,320,2,0.0,0.0,0,Clear,ciel dégagé,0.20834512333333333
2023-04-25,1682380800,19.89,34.57,33.21,21.17,27.0,19.89,33.21,1012.0,24,8.07,316,11,0.0,0.0,0,Clouds,peu nuageux,0.20834512333333333
2023-04-26,1682467200,19.34,33.97,32.08,20.85,27.53,19.34,32.08,1012.0,27,8.0,330,1,0.0,0.0,0,Clear,ciel dégagé,0.20834512333333333
2023-04-27,1682553600,18.85,33.23,32.5,20.72,26.97,19.16,32.5,1013.0,26,8.51,329,3,0.0,0.0,0,Clear,ciel dégagé,0.20834512333333333
2023-04-28,1682640000,19.59,37.38,34.84,20.91,29.44,19.76,34.84,1012.0,21,8.61,332,2,0.0,0.0,0,Clear,ciel dégagé,0.20834512333333333
2023-04-29,1682726400,20.31,36.92,34.47,22.59,28.13,20.31,34.47,1012.0,26,8.57,310,0,0.0,0.0,0,Clear,ciel dégagé,0.20834512333333333
2023-04-30,1682812800,19.64,35.4,33.61,21.16,26.59,19.64,33.61,1011.0,28,8.33,301,11,0.0,0.0,0,Clouds,peu nuageux,0.20834512333333333
2023-05-01,1682899200,19.75,36.63,34.28,20.58,29.61,19.86,34.28,1010.0,26,7.51,270,25,0.0,0.0,0,Clouds,partiellement nuageux,0.20589461
2023-05-02,1682985600,19.78,35.71,32.96,20.99,28.52,19.81,32.96,1011.0,34,7.12,265,20,0.0,0.0,0,Clouds,peu nuageux,0.20589461
2023-05-03,1683072000,20.79,36.48,33.12,21.1,29.35,21.01,33.12,1012.0,31,7.2,304,62,0.0,0.0,0,Clouds,nuageux,0.20589461
2023-05-04,1683158400,21.31,39.64,36.4,22.17,29.77,21.31,36.4,1013.0,18,7.79,265,42,0.0,0.0,0,Clouds,partiellement nuageux,0.20589461
2023-05-05,1683244800,21.06,39.09,38.3,22.41,30.01,21.5,38.3,1012.0,15,9.57,343,22,0.0,0.0,0,Clouds,peu nuageux,0.20589461
2023-05-06,1683331200,20.08,32.46,32.19,22.21,25.83,20.28,32.19,1012.0,31,9.01,338,50,0.0,0.0,0,Clouds,partiellement nuageux,0.20589461
2023-05-07,1683417600,19.99,34.16,32.17,21.79,28.3,19.99,32.17,1011.0,29,6.64,318,100,0.0,0.0,0,Clouds,couvert,0.20589461
2023-05-08,1683504000,19.3,35.94,34.25,22.46,28.62,19.3,34.25,1012.0,23,7.77,317,1,0.0,0.0,0,Clear,ciel dégagé,0.20589461
2023-05-09,1683590400,20.34,35.97,34.74,21.42,28.09,20.34,34.74,1012.0,20,8.37,321,6,0.0,0.0,0,Clear,ciel dégagé,0.20589461
2023-05-10,1683676800,22.23,35.08,34.25,23.94,27.07,22.38,34.25,1013.0,21,7.61,331,88,0.0,0.11,0,Rain,légère pluie,0.20589461
2023-05-11,1683763200,20.7,34.68,33.81,22.19,27.34,21.23,33.81,1011.0,24,8.03,322,6,0.0,0.81,0,Rain,légère pluie,0.20346524
2023-05-12,1683849600,20.86,31.44,31.05,22.02,27.27,21.34,31.05,1010.0,38,7.69,341,34,0.0,0.0,0,Clouds,partiellement nuageux,0.20346524
2023-05-13,1683936000,20.74,33.3,32.19,22.73,26.8,20.94,32.19,1013.0,30,6.96,316,13,0.0,0.0,0,Clouds,peu nuageux,0.20346524
2023-05-14,1684022400,20.29,32.31,31.42,21.67,27.55,20.29,31.42,1016.0,33,6.75,309,68,0.0,0.0,0,Clouds,nuageux,0.20346524
2023-05-15,1684108800,20.13,31.03,30.09,21.25,26.0,20.13,30.09,1014.0,37,8.3,329,54,0.0,0.0,0,Clouds,nuageux,0.20346524
2023-05-16,1684195200,20.21,30.99,29.87,21.32,26.21,20.5,29.87,1013.0,36,7.15,334,41,0.0,0.0,0,Clouds,partiellement nuageux,0.20346524
2023-05-17,1684281600,20.49,32.91,31.89,21.27,27.41,21.14,31.89,1013.0,30,7.89,327,2,0.0,0.0,0,Clear,ciel dégagé,0.20346524
2023-05-18,1684368000,21.95,34.68,33.24,22.28,29.1,22.59,33.24,1012.0,27,8.34,334,92,0.0,0.0,0,Clouds,couvert,0.20346524
2023-05-19,1684454400,21.17,34.32,32.95,23.55,28.87,21.23,32.95,1013.0,25,7.65,324,88,0.0,0.0,0,Clouds,couvert,0.20346524
2023-05-20,1684540800,21.61,32.77,31.85,24.03,27.97,21.82,31.85,1013.0,27,8.2,344,91,0.0,0.0,0,Clouds,couvert,0.20346524
2023-05-21,1684627200,21.01,34.21,32.02,22.57,27.49,21.39,32.02,1013.0,21,8.02,332,100,0.0,0.0,0,Clouds,couvert,0.20147988666666664
2023-05-22,1684713600,20.56,31.91,31.21,21.82,25.91,20.63,31.21,1014.0,30,8.16,339,21,0.0,0.0,0,Clouds,peu nuageux,0.20147988666666664
2023-05-23,1684800000,20.82,27.43,26.75,21.3,24.82,21.58,26.75,1013.0,43,7.24,335,100,0.0,0.0,0,Clouds,couvert,0.20147988666666664
2023-05-24,1684886400,21.87,32.85,31.2,22.26,27.29,22.08,31.2,1012.0,31,8.33,337,79,0.0,0.0,0,Clouds,nuageux,0.20147988666666664
2023-05-25,1684972800,23.84,38.28,36.9,23.84,28.95,24.87,36.9,1011.0,21,9.22,344,84,0.0,0.0,0,Clouds,nuageux,0.20147988666666664
2023-05-26,1685059200,25.03,34.78,32.75,25.7,29.04,25.36,32.75,1013.0,35,6.57,301,100,0.0,0.18,0,Rain,légère pluie,0.20147988666666664
2023-05-27,1685145600,23.55,37.31,34.21,24.86,31.82,24.13,34.21,1012.0,33,8.33,339,97,0.0,0.11,0,Rain,légère pluie,0.20147988666666664
2023-05-28,1685232000,23.72,39.11,37.15,25.85,33.43,23.72,37.15,1011.0,27,8.94,345,88,0.0,0.0,0,Clouds,couvert,0.20147988666666664
2023-05-29,1685318400,23.72,38.58,36.94,25.58,30.7,23.88,36.94,1010.0,25,8.86,336,95,0.0,0.0,0,Clouds,couvert,0.20147988666666664
2023-05-30,1685404800,23.46,39.24,39.24,26.26,31.31,23.52,39.24,1011.0,20,7.8,316,69,0.0,0.0,0,Clouds,nuageux,0.20147988666666664
2023-05-31,1685491200,23.46,37.18,34.71,25.05,28.87,24.35,34.71,1012.0,29,8.91,321,100,0.0,0.0,0,Clouds,couvert,0.20147988666666664
2023-06-01,1685577600,22.51,31.02,29.88,23.79,27.68,23.52,29.88,1013.0,41,6.32,318,100,0.0,0.0,0,Clouds,couvert,0.20090629999999998
2023-06-02,1685664000,21.16,32.8,31.91,22.38,27.69,21.16,31.91,1012.0,31,7.2,335,19,0.0,0.0,0,Clouds,peu nuageux,0.20090629999999998
2023-06-03,1685750400,21.13,32.59,31.84,22.45,28.1,21.18,31.84,1013.0,32,7.28,331,99,0.0,0.0,0,Clouds,couvert,0.20090629999999998
2023-06-04,1685836800,20.77,33.09,31.63,22.05,29.11,20.77,31.63,1014.0,34,6.05,331,62,0.0,0.0,0,Clouds,nuageux,0.20090629999999998
2023-06-05,1685923200,21.65,35.1,33.34,22.52,29.43,21.65,33.34,1013.0,29,6.83,322,65,0.0,0.0,0,Clouds,nuageux,0.20090629999999998
2023-06-06,1686009600,22.14,33.86,32.66,22.82,28.36,22.19,32.66,1014.0,28,6.46,325,91,0.0,0.0,0,Clouds,couvert,0.20090629999999998
2023-06-07,1686096000,22.13,35.45,33.59,22.74,29.12,22.29,33.59,1014.0,31,8.06,319,58,0.0,0.0,0,Clouds,nuageux,0.20090629999999998
2023-06-08,1686182400,22.33,33.84,32.06,23.59,28.55,22.33,32.06,1015.0,41,8.64,323,16,0.0,0.0,0,Clouds,peu nuageux,0.20090629999999998
2023-06-09,1686268800,22.8,33.65,32.68,24.21,28.85,22.88,32.68,1013.0,43,9.12,322,5,0.0,0.0,0,Clear,ciel dégagé,0.20090629999999998
2023-06-10,1686355200,22.88,36.58,34.75,23.84,29.67,22.88,34.75,1012.0,31,8.54,309,6,0.0,0.0,0,Clear,ciel dégagé,0.20090629999999998
2023-06-11,1686441600,24.09,39.55,37.16,27.47,31.76,24.09,37.16,1012.0,25,8.26,318,78,0.0,0.0,0,Clouds,nuageux,0.20323433333333332
2023-06-12,1686528000,23.57,38.92,36.54,25.0,32.09,23.58,36.54,1012.0,26,7.29,288,85,0.0,0.0,0,Clouds,couvert,0.20323433333333332
2023-06-13,1686614400,23.46,36.25,33.66,24.95,29.63,23.46,33.66,1013.0,33,7.45,301,86,0.0,0.0,0,Clouds,couvert,0.20323433333333332
2023-06-14,1686700800,22.1,33.49,31.38,23.47,28.9,22.16,31.38,1013.0,40,6.67,301,100,0.0,0.0,0,Clouds,couvert,0.20323433333333332
2023-06-15,1686787200,21.87,32.17,31.46,23.22,28.59,21.87,31.46,1013.0,40,6.3,303,88,0.0,0.0,0,Clouds,couvert,0.20323433333333332
2023-06-16,1686873600,22.82,35.86,32.55,23.82,31.05,22.82,32.55,1013.0,38,7.67,279,91,0.0,1.09,0,Rain,légère pluie,0.20323433333333332
2023-06-17,1686960000,24.98,36.68,33.95,26.78,30.44,25.8,33.95,1013.0,37,7.57,288,74,0.0,0.4,0,Rain,légère pluie,0.20323433333333332
2023-06-18,1687046400,24.69,33.11,32.43,25.76,30.46,24.88,32.43,1013.0,46,7.66,238,100,0.0,0.0,0,Clouds,couvert,0.20323433333333332
2023-06-19,1687132800,25.44,34.16,33.76,26.05,29.27,25.93,33.76,1013.0,45,6.9,286,74,0.0,5.11,0,Rain,pluie modérée,0.20323433333333332
2023-06-20,1687219200,25.03,33.1,30.74,25.68,28.94,25.1,30.74,1015.0,54,7.61,308,78,0.0,0.0,0,Clouds,nuageux,0.20323433333333332
2023-06-21,1687305600,23.62,31.36,30.25,25.27,28.58,23.62,30.25,1012.0,45,7.69,298,12,0.0,0.0,0,Clouds,peu nuageux,0.21159961333333333
2023-06-22,1687392000,24.18,36.08,32.54,25.42,33.12,24.21,32.54,1011.0,44,6.32,260,81,0.0,0.0,0,Clouds,nuageux,0.21159961333333333
2023-06-23,1687478400,26.15,34.24,32.61,27.13,31.15,26.33,32.61,1014.0,52,7.9,258,10,0.0,0.26,0,Rain,légère pluie,0.21159961333333333
2023-06-24,1687564800,24.86,33.13,30.29,26.45,32.72,24.89,30.29,1012.0,50,6.9,268,25,0.0,0.0,0,Clouds,partiellement nuageux,0.21159961333333333
2023-06-25,1687651200,24.55,32.57,30.96,26.05,29.97,24.62,30.96,1012.0,51,6.62,288,85,0.0,0.0,0,Clouds,couvert,0.21159961333333333
2023-06-26,1687737600,23.89,33.7,31.02,25.58,28.87,23.97,31.02,1012.0,44,7.56,304,35,0.0,0.0,0,Clouds,partiellement nuageux,0.21159961333333333
2023-06-27,1687824000,24.01,30.23,28.0,25.07,28.2,24.01,28.0,1014.0,62,6.63,313,91,0.0,0.0,0,Clouds,couvert,0.21159961333333333
2023-06-28,1687910400,23.55,32.32,28.79,24.5,30.39,23.55,28.79,1013.0,53,6.24,280,99,0.0,0.0,0,Clouds,couvert,0.21159961333333333
2023-06-29,1687996800,25.02,34.62,32.63,26.27,31.62,25.02,32.63,1014.0,46,7.0,278,68,0.0,0.0,0,Clouds,nuageux,0.21159961333333333
2023-06-30,1688083200,25.54,34.18,33.12,26.78,30.58,25.54,33.12,1014.0,46,7.21,276,32,0.0,0.0,0,Clouds,partiellement nuageux,0.21159961333333333
2023-07-01,1688169600,25.75,32.82,31.61,26.44,27.03,25.88,31.61,1013.0,54,6.15,257,95,0.0,5.46,0,Rain,pluie modérée,0.23074276666666668
2023-07-02,1688256000,25.54,33.66,31.37,26.47,29.49,25.58,31.37,1013.0,54,6.99,295,60,0.0,0.79,0,Rain,légère pluie,0.23074276666666668
2023-07-03,1688342400,25.71,33.47,31.15,27.01,30.44,25.88,31.15,1015.0,56,6.68,330,100,0.0,1.58,0,Rain,pluie modérée,0.23074276666666668
2023-07-04,1688428800,26.53,35.71,34.49,27.15,33.06,26.55,34.49,1015.0,40,7.43,326,76,0.0,0.18,0,Rain,légère pluie,0.23074276666666668
2023-07-05,1688515200,26.05,32.45,31.17,27.65,30.31,26.15,31.17,1013.0,50,7.09,273,29,0.0,0.0,0,Clouds,partiellement nuageux,0.23074276666666668
2023-07-06,1688601600,25.28,34.75,32.03,26.51,32.22,25.41,32.03,1012.0,47,7.01,246,83,0.0,0.0,0,Clouds,nuageux,0.23074276666666668
2023-07-07,1688688000,26.36,34.04,31.47,27.59,31.4,26.44,31.47,1014.0,52,6.62,277,100,0.0,1.0,0,Rain,légère pluie,0.23074276666666668
2023-07-08,1688774400,26.54,33.4,31.87,28.32,30.73,26.54,31.87,1014.0,55,7.21,317,99,0.0,0.0,0,Clouds,couvert,0.23074276666666668
2023-07-09,1688860800,25.67,33.32,31.53,27.33,31.05,25.78,31.53,1013.0,47,6.42,295,57,0.0,0.0,0,Clouds,nuageux,0.23074276666666668
2023-07-10,1688947200,25.32,36.19,33.51,26.81,32.48,25.41,33.51,1012.0,41,7.93,259,63,0.0,0.0,0,Clouds,nuageux,0.23074276666666668
2023-07-11,1689033600,26.42,31.43,30.65,27.97,29.66,27.36,30.65,1012.0,55,6.52,247,100,0.0,0.97,0,Rain,légère pluie,0.2626625833333333
2023-07-12,1689120000,25.66,34.7,31.35,26.21,31.74,25.76,31.35,1011.0,54,6.96,328,88,0.0,0.8,0,Rain,légère pluie,0.2626625833333333
2023-07-13,1689206400,26.48,34.06,32.7,27.31,30.91,26.67,32.7,1011.0,52,7.65,316,85,0.0,0.37,0,Rain,légère pluie,0.2626625833333333
2023-07-14,1689292800,26.2,32.63,31.79,27.17,29.78,26.31,31.79,1012.0,51,6.55,288,98,0.0,0.0,0,Clouds,couvert,0.2626625833333333
2023-07-15,1689379200,26.15,34.33,31.57,27.14,30.62,26.18,31.57,1014.0,55,5.92,248,73,0.0,3.75,0,Rain,pluie modérée,0.2626625833333333
2023-07-16,1689465600,27.18,31.82,31.45,28.45,29.84,27.28,31.45,1014.0,58,6.81,304,82,0.0,0.0,0,Clouds,nuageux,0.2626625833333333
2023-07-17,1689552000,26.26,30.81,28.99,27.23,29.49,26.39,28.99,1014.0,57,6.18,314,100,0.0,0.0,0,Clouds,couvert,0.2626625833333333
2023-07-18,1689638400,25.43,33.35,29.43,26.49,33.35,25.43,29.43,1014.0,61,4.67,276,100,0.0,1.95,0,Rain,légère pluie,0.2626625833333333
2023-07-19,1689724800,26.75,33.38,31.53,28.03,30.89,27.16,31.53,1015.0,57,5.81,256,62,0.0,10.85,0,Rain,pluie modérée,0.2626625833333333
2023-07-20,1689811200,23.11,30.71,28.05,28.76,29.45,27.53,28.05,1016.0,73,13.96,103,95,0.0,39.83,0,Rain,très forte pluie,0.2626625833333333
2023-07-21,1689897600,26.32,31.88,30.88,26.9,29.74,26.43,30.88,1012.0,59,7.05,287,96,0.0,0.0,0,Clouds,couvert,0.30736315000000003
2023-07-22,1689984000,25.88,33.34,30.69,26.8,31.69,26.12,30.69,1013.0,51,6.47,234,40,0.0,0.0,0,Clouds,partiellement nuageux,0.30736315000000003
2023-07-23,1690070400,26.01,32.65,30.29,27.58,31.72,26.04,30.29,1015.0,60,5.52,238,97,0.0,0.12,0,Rain,légère pluie,0.30736315000000003
2023-07-24,1690156800,26.93,33.26,30.72,28.08,32.25,27.09,30.72,1015.0,60,5.06,301,80,0.0,6.88,0,Rain,pluie modérée,0.30736315000000003
2023-07-25,1690243200,26.68,34.1,30.96,28.5,31.78,26.93,30.96,1014.0,59,6.6,299,100,0.0,10.75,0,Rain,pluie modérée,0.30736315000000003
2023-07-26,1690329600,27.15,32.42,30.81,28.6,31.94,27.18,30.81,1013.0,62,5.96,306,96,0.0,1.28,0,Rain,légère pluie,0.30736315000000003
2023-07-27,1690416000,26.49,33.12,32.16,27.9,30.75,26.55,32.16,1013.0,54,6.67,278,13,0.0,0.0,0,Clouds,peu nuageux,0.30736315000000003
2023-07-28,1690502400,25.1,33.43,30.76,26.9,31.81,25.24,30.76,1012.0,54,6.44,246,67,0.0,0.0,0,Clouds,nuageux,0.30736315000000003
2023-07-29,1690588800,26.39,33.67,31.25,27.67,31.03,26.43,31.25,1012.0,56,7.52,216,100,0.0,1.05,0,Rain,légère pluie,0.30736315000000003
2023-07-30,1690675200,26.57,32.2,29.92,28.24,29.89,26.8,29.92,1016.0,61,6.76,198,100,0.0,2.52,0,Rain,pluie modérée,0.30736315000000003
2023-07-31,1690761600,26.51,32.84,30.28,27.38,30.48,26.57,30.28,1017.0,61,6.16,293,89,0.0,9.58,0,Rain,pluie modérée,0.30736315000000003
2023-08-01,1690848000,26.55,32.0,30.93,27.01,29.99,26.68,30.93,1014.0,62,6.3,300,44,0.0,0.0,0,Clouds,partiellement nuageux,0.36053703
2023-08-02,1690934400,26.16,32.86,30.47,26.93,31.16,26.22,30.47,1014.0,57,5.99,290,69,0.0,1.4,0,Rain,légère pluie,0.36053703
2023-08-03,1691020800,25.9,32.03,30.7,27.29,30.23,26.14,30.7,1014.0,61,5.17,301,30,0.0,0.52,0,Rain,légère pluie,0.36053703
2023-08-04,1691107200,25.94,32.71,31.82,27.46,30.05,26.05,31.82,1014.0,55,6.34,309,9,0.0,0.0,0,Clear,ciel dégagé,0.36053703
2023-08-05,1691193600,26.12,32.92,30.9,26.91,31.4,26.13,30.9,1015.0,58,6.12,301,72,0.0,0.0,0,Clouds,nuageux,0.36053703
2023-08-06,1691280000,26.25,32.51,31.52,27.21,29.88,26.44,31.52,1015.0,58,7.18,279,74,0.0,0.0,0,Clouds,nuageux,0.36053703
2023-08-07,1691366400,26.52,30.74,28.96,27.4,28.74,26.72,28.96,1016.0,65,7.11,296,100,0.0,0.0,0,Clouds,couvert,0.36053703
2023-08-08,1691452800,24.75,30.87,29.85,26.56,28.51,24.93,29.85,1014.0,50,6.45,323,18,0.0,0.0,0,Clouds,peu nuageux,0.36053703
2023-08-09,1691539200,23.9,31.03,29.35,25.5,28.7,24.09,29.35,1013.0,54,5.78,309,83,0.0,0.0,0,Clouds,nuageux,0.36053703
2023-08-10,1691625600,24.66,32.29,30.62,25.76,29.65,24.84,30.62,1011.0,53,6.78,278,68,0.0,0.0,0,Clouds,nuageux,0.36053703
2023-08-11,1691712000,26.15,34.28,30.78,26.67,30.63,26.64,30.78,1012.0,54,6.0,270,77,0.0,1.03,0,Rain,légère pluie,0.41729398999999995
2023-08-12,1691798400,26.31,32.1,29.86,27.23,29.86,26.53,29.86,1011.0,64,5.0,315,92,0.0,5.24,0,Rain,pluie modérée,0.41729398999999995
2023-08-13,1691884800,25.22,32.45,30.36,26.78,30.08,26.28,30.36,1011.0,61,7.36,342,100,0.0,17.23,0,Rain,pluie modérée,0.41729398999999995
2023-08-14,1691971200,25.89,33.2,31.03,25.89,30.24,26.43,31.03,1011.0,63,5.79,295,89,0.0,2.72,0,Rain,pluie modérée,0.41729398999999995
2023-08-15,1692057600,25.05,31.81,31.33,27.5,27.26,26.78,31.33,1011.0,60,9.12,116,94,0.0,5.12,0,Rain,pluie modérée,0.41729398999999995
2023-08-16,1692144000,24.84,30.54,29.76,26.89,26.07,26.13,29.76,1012.0,65,7.57,178,100,0.0,4.37,0,Rain,pluie modérée,0.41729398999999995
2023-08-17,1692230400,24.67,30.03,28.99,24.67,29.01,25.31,28.99,1014.0,65,6.06,231,94,0.0,1.0,0,Rain,légère pluie,0.41729398999999995
2023-08-18,1692316800,26.36,31.83,31.01,27.22,30.07,26.69,31.01,1012.0,60,6.41,307,80,0.0,0.0,0,Clouds,nuageux,0.41729398999999995
2023-08-19,1692403200,26.33,34.54,32.58,27.63,30.64,26.42,32.58,1010.0,54,5.7,345,73,0.0,7.57,0,Rain,pluie modérée,0.41729398999999995
2023-08-20,1692489600,26.17,32.35,29.87,28.9,30.96,26.32,29.87,1011.0,64,7.19,174,100,0.0,6.99,0,Rain,pluie modérée,0.41729398999999995
2023-08-21,1692576000,25.34,33.44,32.41,27.1,30.69,25.55,32.41,1013.0,56,5.53,277,24,0.0,5.68,0,Rain,pluie modérée,0.4723084766666667
2023-08-22,1692662400,26.75,33.38,32.2,27.87,31.09,26.82,32.2,1012.0,57,5.87,302,49,0.0,0.92,0,Rain,légère pluie,0.4723084766666667
2023-08-23,1692748800,26.56,33.96,32.21,28.03,31.34,26.86,32.21,1010.0,50,5.79,300,72,0.0,0.26,0,Rain,légère pluie,0.4723084766666667
2023-08-24,1692835200,24.84,33.07,30.22,28.34,31.1,27.14,30.22,1011.0,62,7.13,304,100,0.0,45.33,0,Rain,très forte pluie,0.4723084766666667
2023-08-25,1692921600,26.35,33.8,31.26,26.35,31.98,26.73,31.26,1012.0,60,3.68,270,93,0.0,3.3,0,Rain,pluie modérée,0.4723084766666667
2023-08-26,1693008000,26.04,33.69,31.43,28.08,31.0,26.18,31.43,1012.0,60,6.13,304,17,0.0,0.0,0,Clouds,peu nuageux,0.4723084766666667
2023-08-27,1693094400,26.58,33.56,32.3,28.04,30.44,26.67,32.3,1010.0,54,7.84,266,90,0.0,0.0,0,Clouds,couvert,0.4723084766666667
2023-08-28,1693180800,26.57,32.09,30.32,28.63,29.26,27.42,30.32,1013.0,63,8.38,255,99,0.0,12.2,0,Rain,forte pluie,0.4723084766666667
2023-08-29,1693267200,25.73,32.44,31.47,25.73,30.36,26.12,31.47,1012.0,58,7.23,200,97,0.0,6.52,0,Rain,pluie modérée,0.4723084766666667
2023-08-30,1693353600,25.73,29.76,29.34,27.09,29.19,25.78,29.34,1013.0,69,5.72,176,92,0.0,0.16,0,Rain,légère pluie,0.4723084766666667
2023-08-31,1693440000,25.2,32.15,31.59,26.26,30.96,25.44,31.59,1014.0,56,5.96,231,78,0.0,5.36,0,Rain,pluie modérée,0.4723084766666667
2023-09-01,1693526400,23.28,32.28,31.75,27.14,29.79,26.59,31.75,1014.0,60,8.85,334,85,0.0,10.59,0,Rain,forte pluie,0.5101107166666666
2023-09-02,1693612800,25.68,34.06,32.87,25.69,30.91,27.19,32.87,1012.0,53,6.43,343,44,0.0,0.38,0,Rain,légère pluie,0.5101107166666666
2023-09-03,1693699200,26.42,32.61,31.62,27.64,30.1,26.55,31.62,1011.0,58,6.19,269,100,0.0,0.0,0,Clouds,couvert,0.5101107166666666
2023-09-04,1693785600,24.51,31.39,30.84,27.18,26.38,27.02,30.84,1013.0,63,6.96,272,99,0.0,3.26,0,Rain,pluie modérée,0.5101107166666666
2023-09-05,1693872000,25.3,30.65,29.65,25.36,28.2,25.47,29.65,1011.0,66,3.8,261,97,0.0,12.66,0,Rain,pluie modérée,0.5101107166666666
2023-09-06,1693958400,24.82,31.2,29.99,26.2,29.92,25.01,29.99,1013.0,65,7.76,194,99,0.0,1.04,0,Rain,légère pluie,0.5101107166666666
2023-09-07,1694044800,25.1,33.69,31.65,26.54,30.33,25.1,31.65,1014.0,58,4.96,267,38,0.0,8.29,0,Rain,pluie modérée,0.5101107166666666
2023-09-08,1694131200,24.11,31.12,26.96,27.4,29.83,24.11,26.96,1014.0,72,6.15,9,100,0.0,8.7,0,Rain,pluie modérée,0.5101107166666666
2023-09-09,1694217600,26.35,32.87,31.64,27.39,29.6,26.47,31.64,1014.0,62,6.25,302,83,0.0,0.26,0,Rain,légère pluie,0.5101107166666666
2023-09-10,1694304000,26.0,34.03,30.55,27.22,33.01,26.11,30.55,1013.0,64,4.17,305,100,0.0,1.47,0,Rain,légère pluie,0.5101107166666666
2023-09-11,1694390400,26.39,33.04,31.45,28.03,30.39,26.45,31.45,1014.0,60,4.39,284,99,0.0,21.14,0,Rain,forte pluie,0.5245506166666667
2023-09-12,1694476800,23.89,32.53,29.63,27.35,32.04,23.89,29.63,1014.0,59,4.69,298,94,0.0,33.83,0,Rain,forte pluie,0.5245506166666667
2023-09-13,1694563200,26.31,33.12,31.74,27.52,30.5,26.4,31.74,1013.0,62,5.43,306,47,0.0,0.0,0,Clouds,partiellement nuageux,0.5245506166666667
2023-09-14,1694649600,26.52,32.57,31.92,27.81,29.59,26.64,31.92,1012.0,58,6.63,299,25,0.0,0.0,0,Clouds,partiellement nuageux,0.5245506166666667
2023-09-15,1694736000,26.06,32.39,31.69,27.28,29.73,26.15,31.69,1012.0,56,5.59,317,72,0.0,0.0,0,Clouds,nuageux,0.5245506166666667
2023-09-16,1694822400,25.79,32.05,30.38,27.03,29.42,25.86,30.38,1014.0,59,6.27,311,69,0.0,0.0,0,Clouds,nuageux,0.5245506166666667
2023-09-17,1694908800,25.69,33.35,31.31,27.14,30.82,25.85,31.31,1012.0,56,5.26,342,72,0.0,3.64,0,Rain,pluie modérée,0.5245506166666667
2023-09-18,1694995200,26.35,30.06,30.06,27.04,29.46,26.94,30.06,1012.0,59,8.57,108,96,0.0,10.8,0,Rain,pluie modérée,0.5245506166666667
2023-09-19,1695081600,25.9,34.23,32.55,27.49,30.59,26.04,32.55,1011.0,52,6.95,332,34,0.0,0.0,0,Clouds,partiellement nuageux,0.5245506166666667
2023-09-20,1695168000,27.03,33.7,31.3,27.99,31.16,27.2,31.3,1011.0,59,5.87,164,100,0.0,0.0,0,Clouds,couvert,0.5245506166666667
2023-09-21,1695254400,25.66,34.0,31.7,27.52,31.29,25.66,31.7,1013.0,53,5.75,290,20,0.0,1.87,0,Rain,légère pluie,0.5146249066666667
2023-09-22,1695340800,26.91,34.34,33.0,27.72,31.53,27.09,33.0,1012.0,55,6.71,325,76,0.0,0.74,0,Rain,légère pluie,0.5146249066666667
2023-09-23,1695427200,26.98,33.04,30.52,28.07,29.62,27.21,30.52,1012.0,62,5.33,321,91,0.0,0.0,0,Clouds,couvert,0.5146249066666667
2023-09-24,1695513600,26.41,35.44,33.02,27.45,32.93,26.41,33.02,1013.0,55,4.71,279,11,0.0,0.59,0,Rain,légère pluie,0.5146249066666667
2023-09-25,1695600000,23.29,34.24,33.65,28.69,30.04,24.62,33.65,1013.0,54,9.08,52,26,0.0,8.61,0,Rain,forte pluie,0.5146249066666667
2023-09-26,1695686400,26.21,34.81,33.51,27.54,30.34,26.29,33.51,1011.0,47,6.8,292,86,0.0,0.0,0,Clouds,couvert,0.5146249066666667
2023-09-27,1695772800,26.35,34.37,32.97,27.77,30.11,26.52,32.97,1012.0,51,6.73,284,76,0.0,0.0,0,Clouds,nuageux,0.5146249066666667
2023-09-28,1695859200,26.85,35.43,33.49,28.06,31.3,26.92,33.49,1010.0,49,5.96,295,100,0.0,0.54,0,Rain,légère pluie,0.5146249066666667
2023-09-29,1695945600,26.94,33.27,33.23,28.41,30.45,27.27,33.23,1012.0,52,6.53,292,85,0.0,0.0,0,Clouds,couvert,0.5146249066666667
2023-09-30,1696032000,24.91,34.48,32.9,26.76,30.54,24.99,32.9,1012.0,44,7.78,257,100,0.0,0.0,0,Clouds,couvert,0.5146249066666667
2023-10-01,1696118400,24.94,34.61,32.75,26.78,30.85,25.15,32.75,1011.0,49,5.63,277,31,0.0,0.0,0,Clouds,partiellement nuageux,0.48350055333333336
2023-10-02,1696204800,25.49,35.58,33.23,27.49,31.07,25.67,33.23,1010.0,45,5.92,291,79,0.0,0.0,0,Clouds,nuageux,0.48350055333333336
2023-10-03,1696291200,26.53,34.16,32.13,28.01,30.55,26.76,32.13,1011.0,54,5.55,296,90,0.0,0.0,0,Clouds,couvert,0.48350055333333336
2023-10-04,1696377600,26.42,31.68,31.54,27.95,29.56,26.68,31.54,1012.0,55,6.67,278,100,0.0,0.0,0,Clouds,couvert,0.48350055333333336
2023-10-05,1696464000,25.76,33.46,32.65,27.1,30.15,25.87,32.65,1011.0,48,6.4,305,97,0.0,0.0,0,Clouds,couvert,0.48350055333333336
2023-10-06,1696550400,26.05,34.47,32.07,27.94,32.1,26.97,32.07,1012.0,53,6.38,306,95,0.0,3.26,0,Rain,pluie modérée,0.48350055333333336
2023-10-07,1696636800,25.38,35.14,33.19,25.97,32.4,28.25,33.19,1012.0,48,7.7,74,100,0.0,4.61,0,Rain,pluie modérée,0.48350055333333336
2023-10-08,1696723200,26.45,33.56,31.7,28.5,31.01,26.58,31.7,1012.0,59,5.27,322,95,0.0,0.69,0,Rain,légère pluie,0.48350055333333336
2023-10-09,1696809600,26.53,35.04,33.58,28.09,30.45,26.71,33.58,1012.0,36,5.88,316,24,0.0,0.0,0,Clouds,peu nuageux,0.48350055333333336
2023-10-10,1696896000,25.8,33.68,32.75,27.28,31.21,25.98,32.75,1013.0,42,5.36,319,48,0.0,0.0,0,Clouds,partiellement nuageux,0.48350055333333336
2023-10-11,1696982400,26.04,32.99,32.42,27.44,30.42,26.28,32.42,1013.0,51,6.43,272,100,0.0,0.0,0,Clouds,couvert,0.4427416533333333
2023-10-12,1697068800,26.33,35.63,33.01,27.59,32.22,26.36,33.01,1012.0,48,5.79,281,100,0.0,1.2,0,Rain,légère pluie,0.4427416533333333
2023-10-13,1697155200,24.68,34.14,30.81,28.43,32.42,27.02,30.81,1014.0,62,6.38,40,96,0.0,16.95,0,Rain,forte pluie,0.4427416533333333
2023-10-14,1697241600,27.48,33.54,31.41,28.37,31.57,27.49,31.41,1015.0,52,4.74,328,99,0.0,0.0,0,Clouds,couvert,0.4427416533333333
2023-10-15,1697328000,27.69,34.68,33.32,28.34,30.64,27.86,33.32,1013.0,42,5.66,356,93,0.0,0.0,0,Clouds,couvert,0.4427416533333333
2023-10-16,1697414400,26.55,38.17,35.9,27.67,32.79,26.75,35.9,1010.0,22,6.04,324,96,0.0,0.0,0,Clouds,couvert,0.4427416533333333
2023-10-17,1697500800,25.2,35.05,33.35,27.52,31.25,25.42,33.35,1012.0,37,5.58,304,7,0.0,0.0,0,Clear,ciel dégagé,0.4427416533333333
2023-10-18,1697587200,25.91,34.55,32.43,27.46,30.61,26.05,32.43,1014.0,51,5.92,327,3,0.0,0.0,0,Clear,ciel dégagé,0.4427416533333333
2023-10-19,1697673600,27.01,35.61,34.2,28.21,31.08,27.11,34.2,1014.0,41,6.99,335,87,0.0,0.0,0,Clouds,couvert,0.4427416533333333
2023-10-20,1697760000,26.6,35.34,34.53,28.15,30.12,26.93,34.53,1012.0,35,8.22,344,99,0.0,0.0,0,Clouds,couvert,0.4427416533333333
2023-10-21,1697846400,25.53,34.08,33.07,27.49,29.74,25.78,33.07,1012.0,37,7.38,344,55,0.0,0.0,0,Clouds,nuageux,0.39693037999999997
2023-10-22,1697932800,25.29,32.23,31.7,26.95,28.92,25.54,31.7,1013.0,53,6.45,326,12,0.0,0.15,0,Rain,légère pluie,0.39693037999999997
2023-10-23,1698019200,25.13,31.82,31.02,26.69,28.42,25.25,31.02,1013.0,53,6.5,342,11,0.0,0.4,0,Rain,légère pluie,0.39693037999999997
2023-10-24,1698105600,25.13,34.2,32.54,26.11,29.65,25.24,32.54,1012.0,40,7.34,340,46,0.0,0.0,0,Clouds,partiellement nuageux,0.39693037999999997
2023-10-25,1698192000,25.99,36.78,34.72,27.31,31.03,26.01,34.72,1011.0,29,6.65,20,100,0.0,0.0,0,Clouds,couvert,0.39693037999999997
2023-10-26,1698278400,27.63,40.38,38.71,28.74,37.06,28.03,38.71,1010.0,16,6.82,76,89,0.0,0.0,0,Clouds,couvert,0.39693037999999997
2023-10-27,1698364800,25.3,37.96,36.6,28.25,32.09,25.82,36.6,1010.0,17,6.59,339,25,0.0,0.0,0,Clouds,partiellement nuageux,0.39693037999999997
2023-10-28,1698451200,24.72,35.45,34.04,28.09,29.23,25.04,34.04,1010.0,26,7.19,320,29,0.0,0.0,0,Clouds,partiellement nuageux,0.39693037999999997
2023-10-29,1698537600,24.29,33.17,31.69,25.87,29.53,24.31,31.69,1010.0,44,5.92,316,31,0.0,0.0,0,Clouds,partiellement nuageux,0.39693037999999997
2023-10-30,1698624000,24.99,33.39,31.6,26.19,28.85,24.99,31.6,1010.0,50,6.9,319,32,0.0,0.42,0,Rain,légère pluie,0.39693037999999997
2023-10-31,1698710400,25.72,33.64,32.28,26.94,28.17,25.84,32.28,1011.0,45,5.68,336,14,0.0,0.0,0,Clouds,peu nuageux,0.39693037999999997
2023-11-01,1698796800,25.43,37.03,33.91,26.53,30.98,25.88,33.91,1011.0,39,5.93,296,65,0.0,0.0,0,Clouds,nuageux,0.35281662333333336
2023-11-02,1698883200,24.82,38.64,35.53,26.71,35.44,24.88,35.53,1012.0,26,3.58,269,24,0.0,0.0,0,Clouds,peu nuageux,0.35281662333333336
2023-11-03,1698969600,24.21,38.03,36.09,27.4,33.68,24.74,36.09,1011.0,13,3.62,319,1,0.0,0.0,0,Clear,ciel dégagé,0.35281662333333336
2023-11-04,1699056000,24.04,37.16,35.14,26.37,31.74,24.22,35.14,1010.0,17,5.18,305,0,0.0,0.0,0,Clear,ciel dégagé,0.35281662333333336
2023-11-05,1699142400,24.39,36.28,34.47,26.21,31.21,24.71,34.47,1010.0,15,5.27,320,0,0.0,0.0,0,Clear,ciel dégagé,0.35281662333333336
2023-11-06,1699228800,24.59,36.79,35.0,26.54,29.39,24.96,35.0,1013.0,14,7.56,341,100,0.0,0.0,0,Clouds,couvert,0.35281662333333336
2023-11-07,1699315200,24.03,35.81,33.88,26.66,31.45,24.03,33.88,1013.0,16,7.75,360,58,0.0,0.0,0,Clouds,nuageux,0.35281662333333336
2023-11-08,1699401600,22.39,33.14,30.77,25.45,26.81,22.91,30.77,1013.0,22,7.3,346,82,0.0,0.0,0,Clouds,nuageux,0.35281662333333336
2023-11-09,1699488000,21.53,33.09,31.06,23.74,28.04,21.74,31.06,1013.0,15,5.6,5,97,0.0,0.0,0,Clouds,couvert,0.35281662333333336
2023-11-10,1699574400,21.61,34.63,32.82,23.74,29.3,21.92,32.82,1012.0,15,5.68,331,4,0.0,0.0,0,Clear,ciel dégagé,0.35281662333333336
2023-11-11,1699660800,22.14,35.19,33.3,24.56,30.19,22.33,33.3,1012.0,14,6.05,326,32,0.0,0.0,0,Clouds,partiellement nuageux,0.31826993333333337
2023-11-12,1699747200,23.3,36.67,34.77,24.84,31.28,23.57,34.77,1012.0,11,4.84,341,43,0.0,0.0,0,Clouds,partiellement nuageux,0.31826993333333337
2023-11-13,1699833600,23.45,36.95,35.26,25.76,30.78,24.07,35.26,1013.0,12,6.12,339,68,0.0,0.0,0,Clouds,nuageux,0.31826993333333337
2023-11-14,1699920000,23.81,38.16,36.33,26.01,32.12,24.21,36.33,1013.0,9,7.11,72,38,0.0,0.0,0,Clouds,partiellement nuageux,0.31826993333333337
2023-11-15,1700006400,23.41,37.6,35.49,27.07,32.41,23.87,35.49,1012.0,10,6.47,83,23,0.0,0.0,0,Clouds,peu nuageux,0.31826993333333337
2023-11-16,1700092800,22.86,37.14,34.88,25.99,32.93,22.86,34.88,1012.0,10,6.04,89,53,0.0,0.0,0,Clouds,nuageux,0.31826993333333337
2023-11-17,1700179200,23.03,37.04,35.14,26.22,32.39,23.56,35.14,1011.0,10,6.16,76,0,0.0,0.0,0,Clear,ciel dégagé,0.31826993333333337
2023-11-18,1700265600,23.04,37.99,35.96,25.85,32.0,23.35,35.96,1012.0,12,5.59,61,10,0.0,0.0,0,Clear,ciel dégagé,0.31826993333333337
2023-11-19,1700352000,24.41,37.11,34.22,25.73,31.29,24.51,34.22,1011.0,21,4.13,351,85,0.0,0.0,0,Clouds,couvert,0.31826993333333337
2023-11-20,1700438400,23.9,35.01,32.94,26.28,30.41,24.56,32.94,1011.0,30,6.23,255,100,0.0,0.0,0,Clouds,couvert,0.31826993333333337
2023-11-21,1700524800,25.2,36.96,34.78,26.11,31.39,25.44,34.78,1013.0,23,5.27,260,86,0.0,0.0,0,Clouds,couvert,0.29247624
2023-11-22,1700611200,24.03,36.61,34.38,25.44,32.14,24.51,34.38,1013.0,10,7.28,68,100,0.0,0.0,0,Clouds,couvert,0.29247624
2023-11-23,1700697600,23.7,36.18,34.72,26.64,30.4,23.92,34.72,1013.0,8,6.4,5,95,0.0,0.0,0,Clouds,couvert,0.29247624
2023-11-24,1700784000,21.92,34.57,32.92,25.11,27.25,22.25,32.92,1013.0,12,7.37,349,5,0.0,0.0,0,Clear,ciel dégagé,0.29247624
2023-11-25,1700870400,20.19,31.99,30.84,22.42,26.48,20.4,30.84,1011.0,19,6.38,328,0,0.0,0.0,0,Clear,ciel dégagé,0.29247624
2023-11-26,1700956800,19.16,32.45,30.4,21.56,26.97,19.35,30.4,1012.0,18,5.63,328,0,0.0,0.0,0,Clear,ciel dégagé,0.29247624
2023-11-27,1701043200,19.37,34.18,31.84,21.41,27.55,19.61,31.84,1013.0,12,5.57,335,0,0.0,0.0,0,Clear,ciel dégagé,0.29247624
2023-11-28,1701129600,20.36,34.38,32.21,22.08,27.32,20.69,32.21,1013.0,12,6.88,332,67,0.0,0.0,0,Clouds,nuageux,0.29247624
2023-11-29,1701216000,20.59,34.69,32.79,22.25,28.15,20.99,32.79,1012.0,12,5.71,337,1,0.0,0.0,0,Clear,ciel dégagé,0.29247624
2023-11-30,1701302400,21.04,34.96,33.4,22.31,28.33,21.65,33.4,1013.0,11,6.28,345,22,0.0,0.0,0,Clouds,peu nuageux,0.29247624
2023-12-01,1701388800,21.09,34.21,31.39,22.56,27.8,22.12,31.39,1014.0,19,6.94,355,100,0.0,0.0,0,Clouds,couvert,0.27419773666666664
2023-12-02,1701475200,20.94,35.71,33.47,23.16,28.33,21.13,33.47,1014.0,19,7.01,360,69,0.0,0.0,0,Clouds,nuageux,0.27419773666666664
2023-12-03,1701561600,23.03,36.14,33.24,24.65,28.08,23.21,33.24,1013.0,23,8.1,42,99,0.0,0.0,0,Clouds,couvert,0.27419773666666664
2023-12-04,1701648000,20.95,35.95,33.42,23.1,27.55,21.19,33.42,1014.0,21,6.82,37,38,0.0,0.0,0,Clouds,partiellement nuageux,0.27419773666666664
2023-12-05,1701734400,20.25,33.34,31.17,22.35,26.52,20.43,31.17,1014.0,29,6.29,340,63,0.0,0.0,0,Clouds,nuageux,0.27419773666666664
2023-12-06,1701820800,19.35,34.03,32.26,21.65,27.63,19.58,32.26,1013.0,18,5.71,350,54,0.0,0.0,0,Clouds,nuageux,0.27419773666666664
2023-12-07,1701907200,20.44,35.37,32.98,22.14,30.18,20.81,32.98,1014.0,12,5.07,349,27,0.0,0.0,0,Clouds,partiellement nuageux,0.27419773666666664
2023-12-08,1701993600,20.7,35.62,33.33,23.03,27.84,20.77,33.33,1014.0,9,5.72,52,78,0.0,0.0,0,Clouds,nuageux,0.27419773666666664
2023-12-09,1702080000,21.08,36.5,33.77,21.68,33.34,21.48,33.77,1013.0,10,8.89,78,87,0.0,0.0,0,Clouds,couvert,0.27419773666666664
2023-12-10,1702166400,20.85,35.52,33.26,24.44,30.35,21.29,33.26,1013.0,10,7.34,73,20,0.0,0.0,0,Clouds,peu nuageux,0.27419773666666664
2023-12-11,1702252800,20.75,35.28,32.58,22.58,31.21,21.18,32.58,1012.0,12,6.14,87,46,0.0,0.0,0,Clouds,partiellement nuageux,0.2614975466666667
2023-12-12,1702339200,20.1,35.78,32.91,22.54,29.76,20.46,32.91,1012.0,11,5.22,88,40,0.0,0.0,0,Clouds,partiellement nuageux,0.2614975466666667
2023-12-13,1702425600,20.95,35.82,33.56,21.59,30.13,21.21,33.56,1012.0,11,5.64,91,4,0.0,0.0,0,Clear,ciel dégagé,0.2614975466666667
2023-12-14,1702512000,20.8,34.54,31.99,22.49,31.01,21.23,31.99,1012.0,13,6.59,85,99,0.0,0.0,0,Clouds,couvert,0.2614975466666667
2023-12-15,1702598400,19.13,33.87,31.4,22.7,30.29,19.3,31.4,1012.0,11,7.28,81,90,0.0,0.0,0,Clouds,couvert,0.2614975466666667
2023-12-16,1702684800,19.25,32.44,29.66,22.49,30.04,19.72,29.66,1013.0,11,6.86,79,100,0.0,0.0,0,Clouds,couvert,0.2614975466666667
2023-12-17,1702771200,19.37,32.44,30.28,22.7,29.45,19.93,30.28,1013.0,11,8.11,88,45,0.0,0.0,0,Clouds,partiellement nuageux,0.2614975466666667
2023-12-18,1702857600,18.71,30.39,27.63,22.52,28.21,18.77,27.63,1014.0,13,8.37,80,95,0.0,0.0,0,Clouds,couvert,0.2614975466666667
2023-12-19,1702944000,17.15,29.38,25.99,21.42,26.99,18.22,25.99,1016.0,11,8.45,74,79,0.0,0.0,0,Clouds,nuageux,0.2614975466666667
2023-12-20,1703030400,15.72,27.24,23.41,19.28,24.56,16.2,23.41,1018.0,12,9.11,78,100,0.0,0.0,0,Clouds,couvert,0.2614975466666667
2023-12-21,1703116800,14.87,29.39,25.72,19.38,27.16,15.71,25.72,1016.0,13,8.89,70,63,0.0,0.0,0,Clouds,nuageux,0.25350615
2023-12-22,1703203200,14.54,29.89,26.44,17.58,26.75,15.02,26.44,1016.0,14,6.91,74,68,0.0,0.0,0,Clouds,nuageux,0.25350615
2023-12-23,1703289600,16.05,30.19,27.25,17.92,26.41,16.21,27.25,1015.0,13,5.11,65,76,0.0,0.0,0,Clouds,nuageux,0.25350615
2023-12-24,1703376000,18.91,33.09,30.68,19.59,27.62,19.28,30.68,1014.0,12,5.62,342,23,0.0,0.0,0,Clouds,peu nuageux,0.25350615
2023-12-25,1703462400,20.17,34.13,31.83,20.72,26.54,20.47,31.83,1014.0,11,6.38,349,57,0.0,0.0,0,Clouds,nuageux,0.25350615
2023-12-26,1703548800,20.98,35.95,33.44,21.26,29.13,21.03,33.44,1014.0,10,5.85,357,24,0.0,0.0,0,Clouds,peu nuageux,0.25350615
2023-12-27,1703635200,21.03,37.33,33.95,22.11,32.64,21.36,33.95,1014.0,8,6.89,54,1,0.0,0.0,0,Clear,ciel dégagé,0.25350615
2023-12-28,1703721600,22.1,37.96,34.9,24.88,35.27,22.38,34.9,1014.0,7,6.86,66,4,0.0,0.0,0,Clear,ciel dégagé,0.25350615
2023-12-29,1703808000,22.41,37.63,35.04,25.92,33.99,22.93,35.04,1014.0,7,6.79,81,10,0.0,0.0,0,Clear,ciel dégagé,0.25350615
2023-12-30,1703894400,20.76,35.98,33.15,24.11,32.52,21.32,33.15,1013.0,8,6.95,80,5,0.0,0.0,0,Clear,ciel dégagé,0.25350615
2023-12-31,1703980800,20.15,34.98,32.27,23.19,30.84,20.59,32.27,1013.0,9,5.67,77,34,0.0,0.0,0,Clouds,partiellement nuageux,0.25350615
2024-01-01,1704067200,20.6,34.96,32.29,22.08,28.8,20.9,32.29,1014.0,9,5.54,337,93,0.0,0.0,0,Clouds,couvert,0.24800586
2024-01-02,1704153600,21.37,34.93,32.42,22.93,29.05,21.45,32.42,1015.0,10,5.39,347,100,0.0,0.0,0,Clouds,couvert,0.24800586
2024-01-03,1704240000,20.75,34.5,32.1,22.82,27.65,21.7,32.1,1015.0,10,5.86,337,46,0.0,0.0,0,Clouds,partiellement nuageux,0.24800586
2024-01-04,1704326400,18.8,35.0,32.06,20.61,28.97,19.08,32.06,1014.0,9,6.08,333,32,0.0,0.0,0,Clouds,partiellement nuageux,0.24800586
2024-01-05,1704412800,20.79,34.99,32.13,22.18,30.17,21.03,32.13,1013.0,9,5.65,54,67,0.0,0.0,0,Clouds,nuageux,0.24800586
2024-01-06,1704499200,20.01,35.64,33.19,21.81,31.47,20.38,33.19,1014.0,9,5.38,83,0,0.0,0.0,0,Clear,ciel dégagé,0.24800586
2024-01-07,1704585600,20.25,35.24,33.0,22.83,29.63,20.46,33.0,1014.0,8,6.92,346,0,0.0,0.0,0,Clear,ciel dégagé,0.24800586
2024-01-08,1704672000,20.79,33.6,32.72,22.88,28.68,20.89,32.72,1013.0,12,7.02,341,22,0.0,0.0,0,Clouds,peu nuageux,0.24800586
2024-01-09,1704758400,19.9,32.51,29.19,22.96,25.55,19.96,29.19,1013.0,21,6.4,318,92,0.0,0.0,0,Clouds,couvert,0.24800586
2024-01-10,1704844800,19.83,31.69,30.37,21.9,27.34,19.83,30.37,1014.0,18,5.8,334,96,0.0,0.0,0,Clouds,couvert,0.24800586
2024-01-11,1704931200,18.64,33.52,30.99,19.9,27.3,18.79,30.99,1013.0,16,6.65,325,1,0.0,0.0,0,Clear,ciel dégagé,0.24230865999999998
2024-01-12,1705017600,19.39,35.92,32.85,20.52,27.7,19.56,32.85,1013.0,12,6.69,343,77,0.0,0.0,0,Clouds,nuageux,0.24230865999999998
2024-01-13,1705104000,21.29,37.32,34.05,21.82,33.61,21.3,34.05,1014.0,9,6.53,78,88,0.0,0.0,0,Clouds,couvert,0.24230865999999998
2024-01-14,1705190400,23.15,37.18,34.52,25.1,34.7,23.42,34.52,1014.0,8,7.82,90,79,0.0,0.0,0,Clouds,nuageux,0.24230865999999998
2024-01-15,1705276800,19.6,35.07,31.89,25.51,33.23,20.47,31.89,1015.0,6,6.57,86,8,0.0,0.0,0,Clear,ciel dégagé,0.24230865999999998
2024-01-16,1705363200,19.45,36.09,32.54,22.13,28.17,20.09,32.54,1014.0,7,6.07,312,24,0.0,0.0,0,Clouds,peu nuageux,0.24230865999999998
2024-01-17,1705449600,20.34,35.98,33.39,21.19,30.97,20.61,33.39,1015.0,8,4.93,331,34,0.0,0.0,0,Clouds,partiellement nuageux,0.24230865999999998
2024-01-18,1705536000,20.03,35.24,33.52,20.89,26.59,20.16,33.52,1013.0,8,7.02,306,76,0.0,0.0,0,Clouds,nuageux,0.24230865999999998
2024-01-19,1705622400,18.79,27.64,24.71,19.79,24.03,19.7,24.71,1015.0,54,6.98,326,84,0.0,0.0,0,Clouds,nuageux,0.24230865999999998
2024-01-20,1705708800,18.44,27.26,26.03,19.15,23.89,18.58,26.03,1017.0,48,6.41,333,84,0.0,0.0,0,Clouds,nuageux,0.24230865999999998
2024-01-21,1705795200,18.44,32.37,28.66,18.59,25.97,18.44,28.66,1017.0,39,6.74,336,95,0.0,0.0,0,Clouds,couvert,0.2351283833333333
2024-01-22,1705881600,20.81,36.7,33.38,21.75,34.58,21.22,33.38,1016.0,6,6.74,69,98,0.0,0.0,0,Clouds,couvert,0.2351283833333333
2024-01-23,1705968000,21.05,35.17,32.17,26.12,33.04,22.11,32.17,1016.0,6,9.38,74,77,0.0,0.0,0,Clouds,nuageux,0.2351283833333333
2024-01-24,1706054400,18.66,35.18,30.59,23.12,34.06,19.04,30.59,1015.0,11,7.89,81,91,0.0,0.0,0,Clouds,couvert,0.2351283833333333
2024-01-25,1706140800,19.39,36.48,32.41,23.08,34.37,19.92,32.41,1015.0,10,7.28,95,2,0.0,0.0,0,Clear,ciel dégagé,0.2351283833333333
2024-01-26,1706227200,20.51,36.29,32.82,23.11,34.61,21.08,32.82,1016.0,10,8.45,88,0,0.0,0.0,0,Clear,ciel dégagé,0.2351283833333333
2024-01-27,1706313600,19.36,34.83,31.52,23.53,31.91,20.07,31.52,1015.0,9,7.93,88,36,0.0,0.0,0,Clouds,partiellement nuageux,0.2351283833333333
2024-01-28,1706400000,18.68,34.14,31.05,23.2,31.61,19.6,31.05,1015.0,9,7.9,78,57,0.0,0.0,0,Clouds,nuageux,0.2351283833333333
2024-01-29,1706486400,17.73,34.15,31.05,21.68,31.5,18.26,31.05,1015.0,10,7.44,70,12,0.0,0.0,0,Clouds,peu nuageux,0.2351283833333333
2024-01-30,1706572800,18.21,34.08,31.01,20.73,31.8,18.54,31.01,1016.0,8,6.98,73,43,0.0,0.0,0,Clouds,partiellement nuageux,0.2351283833333333
2024-01-31,1706659200,18.39,35.5,32.27,21.82,32.91,18.81,32.27,1015.0,8,6.86,72,2,0.0,0.0,0,Clear,ciel dégagé,0.2351283833333333
2024-02-01,1706745600,22.88,34.81,31.57,24.09,33.51,23.48,31.57,1016.0,8,8.63,96,100,0.0,0.0,0,Clouds,couvert,0.22841654666666666
2024-02-02,1706832000,20.25,35.9,32.59,23.49,33.46,20.74,32.59,1015.0,10,6.92,62,24,0.0,0.0,0,Clouds,peu nuageux,0.22841654666666666
2024-02-03,1706918400,20.22,36.02,33.12,23.83,33.22,20.65,33.12,1014.0,9,7.22,83,2,0.0,0.0,0,Clear,ciel dégagé,0.22841654666666666
2024-02-04,1707004800,19.56,34.98,32.18,22.41,31.89,19.98,32.18,1014.0,7,6.58,84,61,0.0,0.0,0,Clouds,nuageux,0.22841654666666666
2024-02-05,1707091200,19.37,36.15,33.15,21.92,33.05,19.86,33.15,1015.0,6,7.1,93,1,0.0,0.0,0,Clear,ciel dégagé,0.22841654666666666
2024-02-06,1707177600,20.74,38.22,34.45,22.46,36.53,21.08,34.45,1014.0,6,6.95,88,0,0.0,0.0,0,Clear,ciel dégagé,0.22841654666666666
2024-02-07,1707264000,22.05,39.07,35.51,24.23,36.94,22.16,35.51,1015.0,6,8.25,100,0,0.0,0.0,0,Clear,ciel dégagé,0.22841654666666666
2024-02-08,1707350400,22.13,38.7,35.39,26.58,35.04,22.82,35.39,1015.0,6,7.85,83,1,0.0,0.0,0,Clear,ciel dégagé,0.22841654666666666
2024-02-09,1707436800,22.17,38.44,34.71,25.0,32.64,23.03,34.71,1014.0,7,6.15,357,0,0.0,0.0,0,Clear,ciel dégagé,0.22841654666666666
2024-02-10,1707523200,19.89,36.61,34.63,22.43,28.6,20.22,34.63,1014.0,6,7.9,341,0,0.0,0.0,0,Clear,ciel dégagé,0.22841654666666666
2024-02-11,1707609600,18.35,36.18,33.31,21.03,30.66,18.49,33.31,1013.0,8,6.22,330,0,0.0,0.0,0,Clear,ciel dégagé,0.2232862933333333
2024-02-12,1707696000,19.74,36.84,33.32,21.23,32.56,20.1,33.32,1013.0,18,4.88,319,0,0.0,0.0,0,Clear,ciel dégagé,0.2232862933333333
2024-02-13,1707782400,20.25,36.03,33.53,21.24,29.27,20.25,33.53,1013.0,18,7.17,324,34,0.0,0.0,0,Clouds,partiellement nuageux,0.2232862933333333
2024-02-14,1707868800,20.06,36.42,33.53,20.86,26.87,20.06,33.53,1015.0,21,8.74,334,9,0.0,0.0,0,Clear,ciel dégagé,0.2232862933333333
2024-02-15,1707955200,21.05,37.0,31.02,21.55,28.87,21.31,31.02,1015.0,26,7.32,26,100,0.0,0.0,0,Clouds,couvert,0.2232862933333333
2024-02-16,1708041600,21.76,40.31,37.1,23.64,34.28,22.2,37.1,1013.0,7,6.6,69,89,0.0,0.0,0,Clouds,couvert,0.2232862933333333
2024-02-17,1708128000,24.22,39.75,37.81,24.61,34.7,25.07,37.81,1013.0,8,7.37,79,47,0.0,0.0,0,Clouds,partiellement nuageux,0.2232862933333333
2024-02-18,1708214400,21.89,39.4,36.41,24.7,35.68,22.09,36.41,1011.0,8,7.11,81,15,0.0,0.0,0,Clouds,peu nuageux,0.2232862933333333
2024-02-19,1708300800,22.76,39.46,36.05,24.97,38.34,23.32,36.05,1012.0,7,9.6,101,8,0.0,0.0,0,Clear,ciel dégagé,0.2232862933333333
2024-02-20,1708387200,22.38,34.98,32.23,26.64,33.45,23.44,32.23,1013.0,12,8.85,75,62,0.0,0.0,0,Clouds,nuageux,0.2232862933333333
2024-02-21,1708473600,19.83,35.31,32.22,23.28,34.06,20.79,32.22,1013.0,9,8.82,73,81,0.0,0.0,0,Clouds,nuageux,0.21870288666666668
2024-02-22,1708560000,19.91,35.36,32.23,23.86,33.98,20.08,32.23,1014.0,9,9.64,74,21,0.0,0.0,0,Clouds,peu nuageux,0.21870288666666668
2024-02-23,1708646400,19.33,34.58,31.45,23.59,32.31,19.33,31.45,1014.0,8,9.15,77,69,0.0,0.0,0,Clouds,nuageux,0.21870288666666668
2024-02-24,1708732800,18.57,34.42,31.32,22.74,29.82,19.07,31.32,1014.0,5,7.76,58,69,0.0,0.0,0,Clouds,nuageux,0.21870288666666668
2024-02-25,1708819200,17.64,34.62,31.28,19.89,27.75,17.64,31.28,1014.0,12,7.25,338,99,0.0,0.0,0,Clouds,couvert,0.21870288666666668
2024-02-26,1708905600,17.38,35.58,32.96,19.67,28.74,17.47,32.96,1012.0,11,6.92,331,1,0.0,0.0,0,Clear,ciel dégagé,0.21870288666666668
2024-02-27,1708992000,18.06,34.84,32.77,19.16,27.98,18.24,32.77,1012.0,16,7.57,333,0,0.0,0.0,0,Clear,ciel dégagé,0.21870288666666668
2024-02-28,1709078400,19.26,34.04,32.5,20.36,29.31,19.35,32.5,1013.0,21,6.55,331,1,0.0,0.0,0,Clear,ciel dégagé,0.21870288666666668
2024-02-29,1709164800,19.6,35.0,32.96,21.25,26.06,20.16,32.96,1012.0,10,8.72,324,80,0.0,0.0,0,Clouds,nuageux,0.21870288666666668
2024-03-01,1709251200,17.61,34.16,31.16,19.79,28.05,17.92,31.16,1012.0,22,7.48,326,0,0.0,0.0,0,Clear,ciel dégagé,0.21488042
2024-03-02,1709337600,18.16,32.67,30.72,19.84,25.88,18.37,30.72,1013.0,23,8.02,342,1,0.0,0.0,0,Clear,ciel dégagé,0.21488042
2024-03-03,1709424000,17.92,33.1,30.87,19.29,25.96,18.0,30.87,1014.0,14,7.7,343,1,0.0,0.0,0,Clear,ciel dégagé,0.21488042
2024-03-04,1709510400,18.27,34.29,32.29,20.37,28.59,18.45,32.29,1014.0,13,7.36,334,5,0.0,0.0,0,Clear,ciel dégagé,0.21488042
2024-03-05,1709596800,18.25,35.2,33.1,21.0,27.64,18.54,33.1,1013.0,12,7.41,322,6,0.0,0.0,0,Clear,ciel dégagé,0.21488042
2024-03-06,1709683200,17.87,30.98,30.06,19.86,25.9,18.0,30.06,1014.0,25,7.63,342,74,0.0,0.0,0,Clouds,nuageux,0.21488042
2024-03-07,1709769600,17.64,29.3,27.98,18.35,23.7,18.01,27.98,1014.0,33,8.27,341,17,0.0,0.0,0,Clouds,peu nuageux,0.21488042
2024-03-08,1709856000,17.42,30.38,28.27,17.8,24.56,17.49,28.27,1013.0,33,7.22,351,17,0.0,0.0,0,Clouds,peu nuageux,0.21488042
2024-03-09,1709942400,17.11,32.38,30.71,18.37,24.72,17.28,30.71,1013.0,20,8.11,339,9,0.0,0.0,0,Clear,ciel dégagé,0.21488042
2024-03-10,1710028800,17.1,33.32,31.11,19.03,27.36,17.62,31.11,1014.0,14,8.13,332,66,0.0,0.0,0,Clouds,nuageux,0.21488042
2024-03-11,1710115200,18.1,33.87,31.96,20.25,27.82,18.22,31.96,1015.0,17,7.69,334,84,0.0,0.0,0,Clouds,nuageux,0.21124894000000002
2024-03-12,1710201600,18.76,33.39,31.74,20.76,28.67,19.39,31.74,1015.0,19,7.36,337,52,0.0,0.0,0,Clouds,nuageux,0.21124894000000002
2024-03-13,1710288000,18.03,32.32,31.03,19.7,25.75,18.07,31.03,1015.0,23,8.74,343,46,0.0,0.0,0,Clouds,partiellement nuageux,0.21124894000000002
2024-03-14,1710374400,16.91,35.5,32.8,18.32,28.07,16.91,32.8,1013.0,17,7.02,325,1,0.0,0.0,0,Clear,ciel dégagé,0.21124894000000002
2024-03-15,1710460800,18.7,39.26,36.81,20.43,31.96,19.01,36.81,1012.0,7,6.85,328,1,0.0,0.0,0,Clear,ciel dégagé,0.21124894000000002
2024-03-16,1710547200,22.32,39.51,38.35,23.04,32.36,22.49,38.35,1011.0,7,7.95,333,0,0.0,0.0,0,Clear,ciel dégagé,0.21124894000000002
2024-03-17,1710633600,21.01,39.81,37.6,24.1,32.72,21.31,37.6,1011.0,5,7.58,340,0,0.0,0.0,0,Clear,ciel dégagé,0.21124894000000002
2024-03-18,1710720000,19.19,38.44,36.4,21.8,28.52,19.19,36.4,1010.0,7,8.28,330,99,0.0,0.0,0,Clouds,couvert,0.21124894000000002
2024-03-19,1710806400,18.44,35.62,32.45,20.0,27.09,18.51,32.45,1010.0,23,7.47,316,85,0.0,0.0,0,Clouds,couvert,0.21124894000000002
2024-03-20,1710892800,17.53,33.7,31.39,18.58,25.97,17.7,31.39,1009.0,30,7.27,305,1,0.0,0.0,0,Clear,ciel dégagé,0.21124894000000002
2024-03-21,1710979200,18.03,33.81,31.11,19.8,27.9,18.11,31.11,1010.0,30,6.22,308,17,0.0,0.0,0,Clouds,peu nuageux,0.2070566766666667
2024-03-22,1711065600,17.89,30.11,29.26,19.37,24.05,18.15,29.26,1011.0,32,8.54,339,0,0.0,0.0,0,Clear,ciel dégagé,0.2070566766666667
2024-03-23,1711152000,16.63,26.47,25.37,17.78,22.55,16.8,25.37,1012.0,38,8.14,342,10,0.0,0.0,0,Clear,ciel dégagé,0.2070566766666667
2024-03-24,1711238400,16.77,30.37,28.16,17.25,24.04,16.78,28.16,1013.0,27,7.57,340,38,0.0,0.0,0,Clouds,partiellement nuageux,0.2070566766666667
2024-03-25,1711324800,17.22,30.79,29.03,18.88,24.23,17.45,29.03,1015.0,26,8.71,345,91,0.0,0.0,0,Clouds,couvert,0.2070566766666667
2024-03-26,1711411200,17.63,30.81,29.2,19.57,25.06,17.74,29.2,1013.0,33,8.27,340,97,0.0,0.0,0,Clouds,couvert,0.2070566766666667
2024-03-27,1711497600,18.36,33.05,30.9,19.93,26.47,18.5,30.9,1012.0,24,7.4,332,99,0.0,0.0,0,Clouds,couvert,0.2070566766666667
2024-03-28,1711584000,18.61,32.42,31.44,20.29,24.44,18.77,31.44,1013.0,25,7.84,329,27,0.0,0.0,0,Clouds,partiellement nuageux,0.2070566766666667
2024-03-29,1711670400,17.87,27.91,27.25,19.03,23.54,18.04,27.25,1015.0,33,8.66,347,65,0.0,0.0,0,Clouds,nuageux,0.2070566766666667
2024-03-30,1711756800,17.28,29.84,29.04,18.02,25.25,17.45,29.04,1013.0,33,7.54,347,84,0.0,0.0,0,Clouds,nuageux,0.2070566766666667
2024-03-31,1711843200,16.95,31.36,30.16,18.64,25.09,17.22,30.16,1012.0,31,8.04,329,7,0.0,0.0,0,Clear,ciel dégagé,0.2070566766666667
2024-04-01,1711929600,18.87,34.68,32.44,19.68,26.43,19.28,32.44,1013.0,24,7.74,326,0,0.0,0.0,0,Clear,ciel dégagé,0.20317896666666665
2024-04-02,1712016000,19.65,34.62,33.9,20.84,26.53,20.18,33.9,1012.0,24,9.56,334,0,0.0,0.0,0,Clear,ciel dégagé,0.20317896666666665
2024-04-03,1712102400,20.59,40.14,38.56,22.02,30.5,20.77,38.56,1008.0,14,8.95,334,9,0.0,0.0,0,Clear,ciel dégagé,0.20317896666666665
2024-04-04,1712188800,20.49,37.71,35.96,23.98,29.03,21.13,35.96,1009.0,14,8.53,352,69,0.0,0.0,0,Clouds,nuageux,0.20317896666666665
2024-04-05,1712275200,18.46,35.44,32.59,20.98,24.87,18.46,32.59,1010.0,24,8.61,320,7,0.0,0.0,0,Clear,ciel dégagé,0.20317896666666665
2024-04-06,1712361600,17.4,30.28,29.26,18.63,24.59,17.4,29.26,1013.0,29,7.06,330,25,0.0,0.0,0,Clouds,partiellement nuageux,0.20317896666666665
2024-04-07,1712448000,17.59,32.22,30.09,18.17,24.03,17.75,30.09,1013.0,34,8.61,340,41,0.0,0.0,0,Clouds,partiellement nuageux,0.20317896666666665
2024-04-08,1712534400,17.73,30.97,29.55,19.02,24.87,17.79,29.55,1013.0,35,8.84,346,12,0.0,0.0,0,Clouds,peu nuageux,0.20317896666666665
2024-04-09,1712620800,17.3,34.13,32.84,19.39,26.55,17.3,32.84,1011.0,13,7.42,332,0,0.0,0.0,0,Clear,ciel dégagé,0.20317896666666665
2024-04-10,1712707200,16.68,32.82,30.64,18.12,25.32,16.83,30.64,1011.0,28,7.1,316,0,0.0,0.0,0,Clear,ciel dégagé,0.20317896666666665
2024-04-11,1712793600,18.01,34.57,32.56,18.98,26.87,18.01,32.56,1012.0,24,7.97,320,0,0.0,0.0,0,Clear,ciel dégagé,0.20025290666666665
2024-04-12,1712880000,19.72,38.15,35.99,20.54,28.02,23.29,35.99,1012.0,16,8.38,332,54,0.0,0.0,0,Clouds,nuageux,0.20025290666666665
2024-04-13,1712966400,22.17,42.0,40.41,22.75,32.69,23.83,40.41,1009.0,13,6.17,354,26,0.0,0.0,0,Clouds,partiellement nuageux,0.20025290666666665
2024-04-14,1713052800,23.0,41.51,38.39,26.6,35.5,23.31,38.39,1010.0,13,6.64,111,92,0.0,0.0,0,Clouds,couvert,0.20025290666666665
2024-04-15,1713139200,21.21,41.05,38.62,23.28,38.46,21.88,38.62,1013.0,6,8.52,73,61,0.0,0.0,0,Clouds,nuageux,0.20025290666666665
2024-04-16,1713225600,24.61,39.12,37.57,28.05,34.36,25.15,37.57,1012.0,7,8.8,78,0,0.0,0.0,0,Clear,ciel dégagé,0.20025290666666665
2024-04-17,1713312000,23.38,40.44,38.43,25.38,33.7,23.94,38.43,1011.0,7,8.23,349,0,0.0,0.0,0,Clear,ciel dégagé,0.20025290666666665
2024-04-18,1713398400,23.54,39.52,38.94,26.57,35.46,24.02,38.94,1011.0,7,8.12,343,0,0.0,0.0,0,Clear,ciel dégagé,0.20025290666666665
2024-04-19,1713484800,22.2,40.09,39.38,27.34,31.53,22.79,39.38,1010.0,7,8.36,326,8,0.0,0.0,0,Clear,ciel dégagé,0.20025290666666665
2024-04-20,1713571200,21.26,36.49,35.98,23.52,27.48,21.52,35.98,1010.0,17,8.78,326,72,0.0,0.0,0,Clouds,nuageux,0.20025290666666665
2024-04-21,1713657600,18.74,30.72,29.32,21.11,25.33,19.04,29.32,1010.0,34,6.77,308,53,0.0,0.0,0,Clouds,nuageux,0.19772294999999998
2024-04-22,1713744000,18.14,30.73,28.64,19.26,25.65,18.29,28.64,1011.0,36,6.55,294,80,0.0,0.0,0,Clouds,nuageux,0.19772294999999998
2024-04-23,1713830400,18.19,31.87,29.55,19.03,27.04,18.19,29.55,1011.0,33,6.34,321,13,0.0,0.0,0,Clouds,peu nuageux,0.19772294999999998
2024-04-24,1713916800,19.69,33.55,31.99,20.42,27.76,19.69,31.99,1012.0,25,6.47,323,32,0.0,0.0,0,Clouds,partiellement nuageux,0.19772294999999998
2024-04-25,1714003200,20.28,34.45,32.6,21.61,28.83,20.28,32.6,1011.0,25,8.01,326,10,0.0,0.0,0,Clear,ciel dégagé,0.19772294999999998
2024-04-26,1714089600,21.6,37.99,35.32,22.46,29.95,21.62,35.32,1009.0,23,9.43,343,0,0.0,0.0,0,Clear,ciel dégagé,0.19772294999999998
2024-04-27,1714176000,21.96,34.45,33.71,23.79,27.22,22.02,33.71,1009.0,29,11.45,343,22,0.0,0.0,0,Clouds,peu nuageux,0.19772294999999998
2024-04-28,1714262400,21.15,34.92,33.62,22.71,27.25,21.49,33.62,1011.0,29,9.79,343,1,0.0,0.0,0,Clear,ciel dégagé,0.19772294999999998
2024-04-29,1714348800,22.23,38.05,36.07,23.72,29.76,22.81,36.07,1011.0,23,9.24,342,1,0.0,0.0,0,Clear,ciel dégagé,0.19772294999999998
2024-04-30,1714435200,26.15,40.12,38.25,26.59,34.69,27.23,38.25,1010.0,17,8.42,60,0,0.0,0.0,0,Clear,ciel dégagé,0.19772294999999998
2024-05-01,1714521600,26.47,39.12,37.77,28.96,32.7,26.68,37.77,1010.0,13,8.9,345,0,0.0,0.0,0,Clear,ciel dégagé,0.19552060666666668
2024-05-02,1714608000,22.48,38.33,37.06,26.51,30.88,22.88,37.06,1010.0,10,8.2,330,0,0.0,0.0,0,Clear,ciel dégagé,0.19552060666666668
2024-05-03,1714694400,22.54,37.47,36.84,24.2,29.79,22.62,36.84,1011.0,15,9.28,334,0,0.0,0.0,0,Clear,ciel dégagé,0.19552060666666668
2024-05-04,1714780800,22.45,36.79,35.87,24.05,29.67,22.66,35.87,1012.0,17,9.12,335,0,0.0,0.0,0,Clear,ciel dégagé,0.19552060666666668
2024-05-05,1714867200,21.34,37.88,36.18,23.13,29.26,21.38,36.18,1010.0,15,8.72,325,0,0.0,0.0,0,Clear,ciel dégagé,0.19552060666666668
2024-05-06,1714953600,20.51,37.06,35.88,22.98,29.4,20.52,35.88,1009.0,15,8.28,327,2,0.0,0.0,0,Clear,ciel dégagé,0.19552060666666668
2024-05-07,1715040000,19.6,37.73,35.01,21.84,29.16,19.67,35.01,1009.0,19,8.36,317,0,0.0,0.0,0,Clear,ciel dégagé,0.19552060666666668
2024-05-08,1715126400,20.3,37.48,35.9,21.46,27.97,20.54,35.9,1010.0,19,8.64,311,0,0.0,0.0,0,Clear,ciel dégagé,0.19552060666666668
2024-05-09,1715212800,20.44,36.91,34.73,21.49,27.93,20.78,34.73,1009.0,24,8.36,313,6,0.0,0.0,0,Clear,ciel dégagé,0.19552060666666668
2024-05-10,1715299200,20.73,34.27,32.94,21.75,29.13,20.73,32.94,1009.0,30,6.04,319,20,0.0,0.0,0,Clouds,peu nuageux,0.19552060666666668
2024-05-11,1715385600,20.35,34.39,32.54,21.41,27.74,20.35,32.54,1010.0,31,7.96,316,10,0.0,0.0,0,Clear,ciel dégagé,0.19316088333333334
2024-05-12,1715472000,21.08,36.89,33.91,23.24,29.21,21.24,33.91,1010.0,30,8.17,311,15,0.0,0.0,0,Clouds,peu nuageux,0.19316088333333334
2024-05-13,1715558400,20.88,37.13,35.1,22.34,28.84,20.88,35.1,1010.0,24,8.42,326,19,0.0,0.0,0,Clouds,peu nuageux,0.19316088333333334
2024-05-14,1715644800,20.55,34.33,32.8,22.63,26.7,21.12,32.8,1009.0,31,8.7,318,4,0.0,0.0,0,Clear,ciel dégagé,0.19316088333333334
2024-05-15,1715731200,19.91,32.7,30.67,21.3,26.22,19.91,30.67,1012.0,33,6.86,305,80,0.0,0.0,0,Clouds,nuageux,0.19316088333333334
2024-05-16,1715817600,19.08,32.47,30.06,20.19,26.62,19.08,30.06,1013.0,34,6.86,328,9,0.0,0.0,0,Clear,ciel dégagé,0.19316088333333334
2024-05-17,1715904000,18.71,32.67,30.56,20.06,27.57,18.8,30.56,1014.0,31,6.53,326,10,0.0,0.0,0,Clear,ciel dégagé,0.19316088333333334
2024-05-18,1715990400,20.12,34.18,31.97,21.22,27.68,20.5,31.97,1014.0,27,7.57,333,44,0.0,0.0,0,Clouds,partiellement nuageux,0.19316088333333334
2024-05-19,1716076800,21.29,31.78,31.78,22.16,27.88,21.44,31.78,1012.0,30,8.11,324,41,0.0,0.0,0,Clouds,partiellement nuageux,0.19316088333333334
2024-05-20,1716163200,21.94,34.26,33.21,22.71,28.35,22.37,33.21,1011.0,29,8.57,328,7,0.0,0.0,0,Clear,ciel dégagé,0.19316088333333334
2024-05-21,1716249600,21.59,35.64,33.55,23.58,28.18,22.13,33.55,1013.0,29,9.71,330,2,0.0,0.0,0,Clear,ciel dégagé,0.19061196333333333
2024-05-22,1716336000,21.8,36.76,35.95,24.45,27.86,21.88,35.95,1012.0,21,9.8,336,1,0.0,0.0,0,Clear,ciel dégagé,0.19061196333333333
2024-05-23,1716422400,20.7,34.29,32.94,23.87,27.19,20.7,32.94,1012.0,29,8.6,324,78,0.0,0.0,0,Clouds,nuageux,0.19061196333333333
2024-05-24,1716508800,20.56,33.84,31.84,22.07,27.66,20.73,31.84,1013.0,31,6.74,313,94,0.0,0.0,0,Clouds,couvert,0.19061196333333333
2024-05-25,1716595200,21.19,37.71,37.16,22.08,29.54,21.46,37.16,1011.0,17,9.34,330,50,0.0,0.0,0,Clouds,partiellement nuageux,0.19061196333333333
2024-05-26,1716681600,22.21,40.39,39.31,24.95,31.68,23.65,39.31,1011.0,11,9.08,341,68,0.0,0.0,0,Clouds,nuageux,0.19061196333333333
2024-05-27,1716768000,22.05,39.79,38.0,24.22,31.86,22.91,38.0,1011.0,15,7.77,311,8,0.0,0.0,0,Clear,ciel dégagé,0.19061196333333333
2024-05-28,1716854400,22.72,33.91,28.72,24.4,31.03,25.1,28.72,1014.0,53,6.11,313,99,0.0,0.0,0,Clouds,couvert,0.19061196333333333
2024-05-29,1716940800,21.77,31.48,29.88,22.42,27.26,22.26,29.88,1016.0,53,7.93,324,96,0.0,0.0,0,Clouds,couvert,0.19061196333333333
2024-05-30,1717027200,20.83,31.47,30.49,21.78,25.92,21.16,30.49,1014.0,32,7.53,331,40,0.0,0.0,0,Clouds,partiellement nuageux,0.19061196333333333
2024-05-31,1717113600,19.97,29.83,28.93,20.87,25.34,20.01,28.93,1014.0,38,8.2,335,19,0.0,0.0,0,Clouds,peu nuageux,0.19061196333333333
2024-06-01,1717200000,19.64,30.15,28.92,20.44,25.79,19.87,28.92,1015.0,38,7.22,329,60,0.0,0.0,0,Clouds,nuageux,0.18852418
2024-06-02,1717286400,19.18,30.15,29.07,20.23,26.59,19.18,29.07,1015.0,43,6.6,333,2,0.0,0.0,0,Clear,ciel dégagé,0.18852418
2024-06-03,1717372800,19.71,31.6,30.31,20.45,27.57,19.71,30.31,1014.0,39,6.59,326,34,0.0,0.0,0,Clouds,partiellement nuageux,0.18852418
2024-06-04,1717459200,20.1,33.22,31.78,21.32,27.84,20.1,31.78,1012.0,35,6.65,326,16,0.0,0.0,0,Clouds,peu nuageux,0.18852418
2024-06-05,1717545600,20.86,32.96,31.91,22.11,28.38,20.86,31.91,1013.0,36,6.41,317,8,0.0,0.0,0,Clear,ciel dégagé,0.18852418
2024-06-06,1717632000,20.82,32.39,31.32,22.17,27.72,20.82,31.32,1014.0,34,7.47,326,86,0.0,0.0,0,Clouds,couvert,0.18852418
2024-06-07,1717718400,20.73,32.32,31.52,22.09,27.61,20.73,31.52,1015.0,33,7.66,322,9,0.0,0.0,0,Clear,ciel dégagé,0.18852418
2024-06-08,1717804800,20.58,34.04,32.48,22.42,27.18,20.58,32.48,1014.0,32,7.98,309,0,0.0,0.0,0,Clear,ciel dégagé,0.18852418
2024-06-09,1717891200,21.12,32.95,30.63,22.06,27.79,21.14,30.63,1013.0,42,6.54,283,54,0.0,0.0,0,Clouds,nuageux,0.18852418
2024-06-10,1717977600,21.5,35.95,33.87,22.46,28.74,21.58,33.87,1013.0,30,7.19,299,75,0.0,0.0,0,Clouds,nuageux,0.18852418
2024-06-11,1718064000,22.51,35.04,33.96,23.43,29.3,22.6,33.96,1014.0,30,6.84,308,90,0.0,0.14,0,Rain,légère pluie,0.18934943
2024-06-12,1718150400,21.66,34.62,31.91,23.11,29.21,21.68,31.91,1012.0,39,8.06,290,8,0.0,0.0,0,Clear,ciel dégagé,0.18934943
2024-06-13,1718236800,22.1,32.24,31.27,23.05,28.43,22.1,31.27,1012.0,40,7.05,299,62,0.0,0.0,0,Clouds,nuageux,0.18934943
2024-06-14,1718323200,22.12,34.0,33.06,23.28,29.58,22.12,33.06,1012.0,35,6.31,170,87,0.0,0.0,0,Clouds,couvert,0.18934943
2024-06-15,1718409600,23.89,33.05,29.51,24.05,27.5,24.19,29.51,1014.0,56,6.99,294,93,0.0,3.22,0,Rain,légère pluie,0.18934943
2024-06-16,1718496000,24.16,32.46,29.92,26.47,28.65,24.3,29.92,1012.0,55,7.01,301,84,0.0,0.15,0,Rain,légère pluie,0.18934943
2024-06-17,1718582400,22.36,31.27,29.94,24.19,27.88,22.36,29.94,1009.0,41,5.89,291,96,0.0,0.0,0,Clouds,couvert,0.18934943
2024-06-18,1718668800,22.68,35.67,32.91,23.0,33.06,22.68,32.91,1013.0,40,9.3,105,100,0.0,0.35,0,Rain,légère pluie,0.18934943
2024-06-19,1718755200,25.49,33.23,30.16,26.59,30.45,25.69,30.16,1015.0,58,6.89,311,99,0.0,0.25,0,Rain,légère pluie,0.18934943
2024-06-20,1718841600,24.94,33.77,31.76,26.58,29.08,25.07,31.76,1013.0,40,7.19,298,62,0.0,0.0,0,Clouds,nuageux,0.18934943
2024-06-21,1718928000,23.6,37.05,32.29,25.34,30.53,23.67,32.29,1012.0,37,6.75,288,6,0.0,0.0,0,Clear,ciel dégagé,0.19764254333333334
2024-06-22,1719014400,22.99,36.63,32.13,25.02,29.86,23.55,32.13,1013.0,37,6.69,262,25,0.0,0.0,0,Clouds,partiellement nuageux,0.19764254333333334
2024-06-23,1719100800,23.1,34.13,31.68,24.24,30.82,23.23,31.68,1012.0,42,6.32,273,84,0.0,0.0,0,Clouds,nuageux,0.19764254333333334
2024-06-24,1719187200,23.29,32.58,31.02,25.19,29.45,23.37,31.02,1012.0,43,6.26,293,14,0.0,0.0,0,Clouds,peu nuageux,0.19764254333333334
2024-06-25,1719273600,22.94,32.56,31.76,24.8,28.27,23.15,31.76,1013.0,36,6.6,308,84,0.0,0.0,0,Clouds,nuageux,0.19764254333333334
2024-06-26,1719360000,21.77,31.74,30.34,22.72,28.13,21.88,30.34,1013.0,43,6.44,322,46,0.0,0.0,0,Clouds,partiellement nuageux,0.19764254333333334
2024-06-27,1719446400,21.54,32.54,30.29,22.89,29.79,21.6,30.29,1012.0,45,6.07,318,54,0.0,0.0,0,Clouds,nuageux,0.19764254333333334
2024-06-28,1719532800,23.55,35.93,31.69,24.89,32.94,23.58,31.69,1012.0,41,7.39,254,12,0.0,0.0,0,Clouds,peu nuageux,0.19764254333333334
2024-06-29,1719619200,23.54,36.65,33.74,25.4,30.99,23.72,33.74,1012.0,32,7.69,259,35,0.0,0.0,0,Clouds,partiellement nuageux,0.19764254333333334
2024-06-30,1719705600,22.89,33.62,32.69,24.38,29.98,23.03,32.69,1011.0,40,8.29,255,52,0.0,0.0,0,Clouds,nuageux,0.19764254333333334
2024-07-01,1719792000,23.12,33.97,32.08,24.21,31.61,23.26,32.08,1012.0,47,7.84,239,69,0.0,0.0,0,Clouds,nuageux,0.2181270333333333
2024-07-02,1719878400,25.33,33.94,31.22,25.69,30.44,25.43,31.22,1013.0,53,7.66,234,100,0.0,3.65,0,Rain,pluie modérée,0.2181270333333333
2024-07-03,1719964800,25.85,32.19,31.7,26.76,29.52,25.87,31.7,1014.0,54,8.07,277,46,0.0,0.9,0,Rain,légère pluie,0.2181270333333333
2024-07-04,1720051200,24.06,29.97,29.5,26.47,26.94,25.22,29.5,1013.0,60,9.4,301,76,0.0,0.0,0,Clouds,nuageux,0.2181270333333333
2024-07-05,1720137600,23.21,32.84,29.32,23.93,30.64,23.57,29.32,1011.0,51,6.5,225,100,0.0,0.0,0,Clouds,couvert,0.2181270333333333
2024-07-06,1720224000,24.78,34.4,31.99,26.41,33.11,24.8,31.99,1012.0,47,7.29,235,58,0.0,0.81,0,Rain,légère pluie,0.2181270333333333
2024-07-07,1720310400,26.26,32.05,31.08,27.7,28.9,26.41,31.08,1013.0,57,6.5,307,95,0.0,0.89,0,Rain,légère pluie,0.2181270333333333
2024-07-08,1720396800,25.72,31.03,29.78,26.89,28.55,25.85,29.78,1015.0,62,8.03,314,71,0.0,0.0,0,Clouds,nuageux,0.2181270333333333
2024-07-09,1720483200,24.54,31.8,29.39,25.65,29.69,24.55,29.39,1012.0,47,5.94,274,45,0.0,0.0,0,Clouds,partiellement nuageux,0.2181270333333333
2024-07-10,1720569600,24.18,33.94,31.67,25.77,31.84,24.31,31.67,1011.0,45,5.91,242,94,0.0,0.36,0,Rain,légère pluie,0.2181270333333333
2024-07-11,1720656000,26.15,34.24,32.21,27.67,30.64,26.3,32.21,1013.0,52,7.11,251,59,0.0,0.67,0,Rain,légère pluie,0.25471708666666665
2024-07-12,1720742400,25.68,32.45,31.06,27.29,29.24,25.68,31.06,1015.0,58,8.38,280,65,0.0,0.61,0,Rain,légère pluie,0.25471708666666665
2024-07-13,1720828800,25.33,30.87,29.2,26.31,27.92,25.33,29.2,1013.0,60,6.01,306,93,0.0,0.0,0,Clouds,couvert,0.25471708666666665
2024-07-14,1720915200,24.89,31.89,29.11,25.69,29.7,24.89,29.11,1014.0,63,5.79,319,93,0.0,0.0,0,Clouds,couvert,0.25471708666666665
2024-07-15,1721001600,25.2,33.3,30.19,25.92,29.39,25.24,30.19,1015.0,60,6.45,294,76,0.0,0.0,0,Clouds,nuageux,0.25471708666666665
2024-07-16,1721088000,25.32,32.88,31.12,26.4,29.11,25.39,31.12,1014.0,53,7.43,288,97,0.0,0.0,0,Clouds,couvert,0.25471708666666665
2024-07-17,1721174400,25.38,31.13,29.33,26.17,28.49,25.38,29.33,1013.0,60,5.25,268,96,0.0,3.12,0,Rain,pluie modérée,0.25471708666666665
2024-07-18,1721260800,25.01,30.82,26.55,25.89,30.82,25.24,26.55,1014.0,75,4.56,306,100,0.0,3.99,0,Rain,pluie modérée,0.25471708666666665
2024-07-19,1721347200,26.21,33.73,29.47,27.61,31.69,26.33,29.47,1014.0,64,5.44,295,68,0.0,1.77,0,Rain,légère pluie,0.25471708666666665
2024-07-20,1721433600,26.03,32.82,31.71,27.91,30.1,26.12,31.71,1012.0,56,7.58,269,40,0.0,0.0,0,Clouds,partiellement nuageux,0.25471708666666665
2024-07-21,1721520000,25.12,33.22,30.53,27.04,29.96,25.26,30.53,1011.0,49,8.05,221,81,0.0,0.0,0,Clouds,nuageux,0.31018055
2024-07-22,1721606400,25.38,32.84,29.31,27.19,31.47,25.52,29.31,1014.0,62,6.99,232,87,0.0,0.0,0,Clouds,couvert,0.31018055
2024-07-23,1721692800,25.69,32.89,31.33,27.05,30.11,25.82,31.33,1015.0,56,7.15,268,86,0.0,0.0,0,Clouds,couvert,0.31018055
2024-07-24,1721779200,26.06,31.49,28.5,27.09,29.09,26.3,28.5,1015.0,69,6.03,288,99,0.0,4.17,0,Rain,pluie modérée,0.31018055
2024-07-25,1721865600,25.02,27.15,25.54,26.98,27.15,25.6,25.54,1015.0,85,5.42,301,100,0.0,9.9,0,Rain,pluie modérée,0.31018055
2024-07-26,1721952000,25.37,31.09,30.14,26.02,29.68,25.39,30.14,1014.0,63,5.71,291,100,0.0,0.0,0,Clouds,couvert,0.31018055
2024-07-27,1722038400,25.81,32.27,30.96,26.78,29.68,26.17,30.96,1014.0,58,6.19,295,35,0.0,0.0,0,Clouds,partiellement nuageux,0.31018055
2024-07-28,1722124800,25.39,31.64,30.1,26.43,29.33,25.65,30.1,1014.0,54,6.73,301,59,0.0,0.0,0,Clouds,nuageux,0.31018055
2024-07-29,1722211200,24.95,32.57,30.83,25.84,30.26,24.98,30.83,1012.0,51,6.26,288,25,0.0,0.0,0,Clouds,partiellement nuageux,0.31018055
2024-07-30,1722297600,25.02,32.86,29.82,26.26,29.83,25.16,29.82,1013.0,59,6.61,289,55,0.0,0.0,0,Clouds,nuageux,0.31018055
2024-07-31,1722384000,25.76,30.65,28.8,26.44,28.77,25.94,28.8,1013.0,61,6.44,294,100,0.0,0.0,0,Clouds,couvert,0.31018055
2024-08-01,1722470400,24.49,31.78,30.49,25.69,28.01,24.59,30.49,1011.0,52,7.81,274,26,0.0,0.0,0,Clouds,partiellement nuageux,0.37585344
2024-08-02,1722556800,25.27,32.28,30.12,26.47,30.31,25.54,30.12,1009.0,54,7.21,251,100,0.0,0.0,0,Clouds,couvert,0.37585344
2024-08-03,1722643200,25.78,34.8,32.13,27.15,31.94,25.96,32.13,1010.0,48,7.52,219,72,0.0,0.11,0,Rain,légère pluie,0.37585344
2024-08-04,1722729600,26.18,29.26,29.14,27.72,27.47,26.78,29.14,1015.0,66,5.14,228,100,0.0,8.25,0,Rain,pluie modérée,0.37585344
2024-08-05,1722816000,25.38,32.42,29.64,26.05,29.74,25.42,29.64,1014.0,62,5.56,304,97,0.0,1.07,0,Rain,légère pluie,0.37585344
2024-08-06,1722902400,26.44,31.4,30.69,27.5,29.98,26.56,30.69,1011.0,62,5.06,304,81,0.0,0.78,0,Rain,légère pluie,0.37585344
2024-08-07,1722988800,26.05,32.37,30.8,26.91,29.32,26.17,30.8,1010.0,61,4.13,283,83,0.0,9.18,0,Rain,pluie modérée,0.37585344
2024-08-08,1723075200,26.4,33.92,32.45,27.46,29.82,26.52,32.45,1011.0,53,5.72,251,85,0.0,0.14,0,Rain,légère pluie,0.37585344
2024-08-09,1723161600,26.01,31.68,30.35,27.5,29.39,26.01,30.35,1012.0,64,7.71,283,68,0.0,0.0,0,Clouds,nuageux,0.37585344
2024-08-10,1723248000,26.29,32.1,29.36,27.2,31.01,26.29,29.36,1011.0,56,6.71,264,99,0.0,0.0,0,Clouds,couvert,0.37585344
2024-08-11,1723334400,25.91,33.2,31.46,27.12,29.66,26.02,31.46,1011.0,58,5.43,228,100,0.0,2.93,0,Rain,pluie modérée,0.4377860433333334
2024-08-12,1723420800,25.97,33.34,31.84,27.78,29.86,26.01,31.84,1012.0,52,6.81,299,62,0.0,0.58,0,Rain,légère pluie,0.4377860433333334
2024-08-13,1723507200,26.03,31.74,30.07,27.21,29.56,26.03,30.07,1013.0,61,7.03,299,86,0.0,0.0,0,Clouds,couvert,0.4377860433333334
2024-08-14,1723593600,26.31,30.23,28.04,27.08,28.03,26.41,28.04,1011.0,67,7.34,296,100,0.0,0.0,0,Clouds,couvert,0.4377860433333334
2024-08-15,1723680000,25.56,31.71,29.9,26.27,29.55,25.6,29.9,1010.0,60,4.4,273,98,0.0,4.5,0,Rain,pluie modérée,0.4377860433333334
2024-08-16,1723766400,25.35,32.56,30.96,27.78,30.84,25.55,30.96,1011.0,61,8.28,196,68,0.0,2.17,0,Rain,pluie modérée,0.4377860433333334
2024-08-17,1723852800,25.26,28.27,28.13,27.39,26.24,26.75,28.13,1013.0,72,8.82,242,100,0.0,12.69,0,Rain,pluie modérée,0.4377860433333334
2024-08-18,1723939200,26.14,31.65,29.73,27.09,29.75,26.14,29.73,1012.0,67,7.83,261,96,0.0,3.13,0,Rain,légère pluie,0.4377860433333334
2024-08-19,1724025600,26.12,30.36,29.0,27.0,28.64,26.12,29.0,1013.0,69,7.62,253,99,0.0,17.1,0,Rain,pluie modérée,0.4377860433333334
2024-08-20,1724112000,25.76,31.09,29.98,26.61,29.13,25.85,29.98,1013.0,64,6.32,283,94,0.0,4.7,0,Rain,pluie modérée,0.4377860433333334
2024-08-21,1724198400,25.19,30.35,28.4,26.61,29.1,25.37,28.4,1012.0,64,4.3,279,100,0.0,0.0,0,Clouds,couvert,0.4854406233333333
2024-08-22,1724284800,25.51,32.24,31.46,27.63,30.03,25.75,31.46,1013.0,55,3.7,239,10,0.0,6.82,0,Rain,pluie modérée,0.4854406233333333
2024-08-23,1724371200,26.66,32.85,32.26,28.06,29.71,26.78,32.26,1013.0,56,6.35,315,15,0.0,2.22,0,Rain,pluie modérée,0.4854406233333333
2024-08-24,1724457600,26.43,29.97,27.39,27.69,29.34,26.73,27.39,1010.0,70,8.78,127,100,0.0,1.53,0,Rain,légère pluie,0.4854406233333333
2024-08-25,1724544000,25.92,32.11,29.97,26.81,30.51,26.3,29.97,1012.0,64,5.99,243,100,0.0,8.81,0,Rain,forte pluie,0.4854406233333333
2024-08-26,1724630400,26.16,32.51,31.15,27.5,30.93,26.53,31.15,1013.0,60,7.44,207,45,0.0,4.5,0,Rain,pluie modérée,0.4854406233333333
2024-08-27,1724716800,26.23,33.18,31.71,27.47,30.7,26.38,31.71,1014.0,58,6.35,290,86,0.0,0.0,0,Clouds,couvert,0.4854406233333333
2024-08-28,1724803200,26.88,32.4,31.77,27.99,29.72,27.03,31.77,1012.0,58,7.31,290,98,0.0,0.0,0,Clouds,couvert,0.4854406233333333
2024-08-29,1724889600,26.31,31.21,30.13,27.13,29.13,26.57,30.13,1011.0,62,7.88,290,81,0.0,0.0,0,Clouds,nuageux,0.4854406233333333
2024-08-30,1724976000,26.19,32.21,32.21,27.62,30.98,26.56,32.21,1012.0,56,6.12,216,89,0.0,0.0,0,Clouds,couvert,0.4854406233333333
2024-08-31,1725062400,25.46,33.07,31.16,26.63,29.61,25.5,31.16,1012.0,58,6.17,269,88,0.0,0.41,0,Rain,légère pluie,0.4854406233333333
2024-09-01,1725148800,26.3,32.96,30.9,27.28,30.45,26.38,30.9,1012.0,63,6.25,289,100,0.0,0.15,0,Rain,légère pluie,0.5068094266666666
2024-09-02,1725235200,25.93,33.17,31.18,27.25,29.95,26.25,31.18,1011.0,59,4.94,265,90,0.0,4.75,0,Rain,légère pluie,0.5068094266666666
2024-09-03,1725321600,25.86,32.41,31.55,27.0,29.12,25.88,31.55,1012.0,60,6.68,256,70,0.0,0.11,0,Rain,légère pluie,0.5068094266666666
2024-09-04,1725408000,25.79,30.69,29.9,26.85,28.04,25.87,29.9,1013.0,62,8.15,295,81,0.0,0.0,0,Clouds,nuageux,0.5068094266666666
2024-09-05,1725494400,25.18,30.13,29.49,26.03,26.77,25.25,29.49,1010.0,57,8.49,312,76,0.0,0.0,0,Clouds,nuageux,0.5068094266666666
2024-09-06,1725580800,25.1,30.02,29.63,26.0,27.64,25.35,29.63,1010.0,56,6.82,312,50,0.0,0.0,0,Clouds,partiellement nuageux,0.5068094266666666
2024-09-07,1725667200,24.66,31.22,29.55,25.43,28.53,25.08,29.55,1012.0,56,6.05,320,96,0.0,0.0,0,Clouds,couvert,0.5068094266666666
2024-09-08,1725753600,24.9,32.07,30.88,26.05,28.32,25.02,30.88,1014.0,51,5.48,328,95,0.0,0.0,0,Clouds,couvert,0.5068094266666666
2024-09-09,1725840000,24.99,33.21,30.71,26.3,29.11,25.06,30.71,1012.0,51,4.16,45,100,0.0,14.88,0,Rain,forte pluie,0.5068094266666666
2024-09-10,1725926400,24.89,32.18,30.84,26.6,28.78,24.91,30.84,1013.0,62,7.18,196,92,0.0,6.23,0,Rain,pluie modérée,0.5068094266666666
2024-09-11,1726012800,25.83,31.47,31.07,26.76,29.42,26.42,31.07,1014.0,59,6.21,301,80,0.0,2.59,0,Rain,légère pluie,0.5112660933333334
2024-09-12,1726099200,26.52,31.18,30.91,27.37,27.78,26.55,30.91,1013.0,61,7.39,318,68,0.0,0.0,0,Clouds,nuageux,0.5112660933333334
2024-09-13,1726185600,24.66,31.28,30.7,26.34,28.1,24.87,30.7,1011.0,48,3.92,295,95,0.0,0.0,0,Clouds,couvert,0.5112660933333334
2024-09-14,1726272000,25.26,32.18,30.95,26.78,28.32,25.48,30.95,1013.0,59,4.63,283,84,0.0,1.08,0,Rain,légère pluie,0.5112660933333334
2024-09-15,1726358400,25.75,31.77,31.03,26.72,30.51,25.92,31.03,1014.0,61,3.01,353,95,0.0,6.99,0,Rain,pluie modérée,0.5112660933333334
2024-09-16,1726444800,25.19,32.36,31.52,27.19,28.61,25.96,31.52,1012.0,58,5.86,326,95,0.0,23.44,0,Rain,forte pluie,0.5112660933333334
2024-09-17,1726531200,24.31,27.64,27.32,24.41,25.67,25.51,27.32,1012.0,74,5.63,318,100,0.0,15.38,0,Rain,pluie modérée,0.5112660933333334
2024-09-18,1726617600,24.82,30.82,30.0,25.61,28.7,24.96,30.0,1012.0,58,5.39,302,93,0.0,1.09,0,Rain,légère pluie,0.5112660933333334
2024-09-19,1726704000,25.37,29.63,28.44,26.48,27.86,25.45,28.44,1012.0,68,5.87,335,99,0.0,0.0,0,Clouds,couvert,0.5112660933333334
2024-09-20,1726790400,25.19,31.43,29.21,26.0,28.62,25.21,29.21,1011.0,65,6.53,333,100,0.0,0.0,0,Clouds,couvert,0.5112660933333334
2024-09-21,1726876800,25.62,32.55,30.86,26.43,29.64,25.62,30.86,1011.0,57,6.15,335,78,0.0,1.03,0,Rain,légère pluie,0.5070952833333333
2024-09-22,1726963200,25.15,32.64,31.11,26.96,29.92,25.15,31.11,1010.0,60,5.33,333,87,0.0,23.52,0,Rain,forte pluie,0.5070952833333333
2024-09-23,1727049600,25.16,33.05,31.34,27.5,31.86,25.51,31.34,1011.0,58,4.75,203,80,0.0,11.31,0,Rain,pluie modérée,0.5070952833333333
2024-09-24,1727136000,25.51,33.38,31.83,28.0,29.98,26.67,31.83,1011.0,57,5.98,315,89,0.0,17.47,0,Rain,forte pluie,0.5070952833333333
2024-09-25,1727222400,24.56,31.1,28.98,25.58,29.04,24.95,28.98,1011.0,65,6.16,122,100,0.0,24.03,0,Rain,pluie modérée,0.5070952833333333
2024-09-26,1727308800,24.16,26.13,25.29,26.01,26.13,24.28,25.29,1014.0,85,7.19,152,100,0.0,9.13,0,Rain,pluie modérée,0.5070952833333333
2024-09-27,1727395200,25.06,30.21,27.25,25.57,30.21,25.07,27.25,1014.0,77,2.88,118,100,0.0,1.0,0,Rain,légère pluie,0.5070952833333333
2024-09-28,1727481600,26.1,34.32,31.98,27.39,32.77,26.19,31.98,1012.0,55,3.43,147,99,0.0,5.83,0,Rain,pluie modérée,0.5070952833333333
2024-09-29,1727568000,25.89,34.98,32.46,27.26,32.83,26.52,32.46,1012.0,50,5.29,277,98,0.0,4.34,0,Rain,pluie modérée,0.5070952833333333
2024-09-30,1727654400,26.77,34.01,32.0,27.97,30.51,26.87,32.0,1012.0,53,5.52,292,97,0.0,0.78,0,Rain,légère pluie,0.5070952833333333
2024-10-01,1727740800,22.69,33.79,25.41,27.33,31.66,26.45,25.41,1013.0,65,12.52,103,90,0.0,4.72,0,Rain,pluie modérée,0.49440565666666664
2024-10-02,1727827200,25.38,32.7,31.38,26.3,29.41,25.44,31.38,1010.0,59,5.38,277,72,0.0,0.0,0,Clouds,nuageux,0.49440565666666664
2024-10-03,1727913600,24.92,33.02,31.13,26.49,29.29,25.03,31.13,1011.0,54,5.42,241,100,0.0,0.0,0,Clouds,couvert,0.49440565666666664
2024-10-04,1728000000,23.97,30.27,28.46,26.53,29.74,26.05,28.46,1013.0,62,8.18,140,100,0.0,1.88,0,Rain,légère pluie,0.49440565666666664
2024-10-05,1728086400,25.23,33.55,31.8,26.97,29.75,25.36,31.8,1013.0,56,5.37,306,22,0.0,1.4,0,Rain,légère pluie,0.49440565666666664
2024-10-06,1728172800,26.25,31.79,31.16,27.59,29.13,26.35,31.16,1014.0,61,6.5,322,100,0.0,0.0,0,Clouds,couvert,0.49440565666666664
2024-10-07,1728259200,25.3,32.1,30.66,26.73,29.4,25.4,30.66,1013.0,55,5.29,324,100,0.0,0.0,0,Clouds,couvert,0.49440565666666664
2024-10-08,1728345600,24.96,34.99,32.49,26.51,31.01,25.06,32.49,1013.0,45,5.74,267,96,0.0,0.0,0,Clouds,couvert,0.49440565666666664
2024-10-09,1728432000,25.76,33.47,32.35,26.96,30.22,25.84,32.35,1012.0,52,5.88,295,100,0.0,0.92,0,Rain,légère pluie,0.49440565666666664
2024-10-10,1728518400,23.11,27.6,24.23,27.6,25.11,25.36,24.23,1012.0,84,13.18,122,100,0.0,7.27,0,Rain,pluie modérée,0.49440565666666664
2024-10-11,1728604800,24.17,33.42,29.84,24.26,31.59,24.26,29.84,1014.0,56,4.19,306,100,0.0,0.25,0,Rain,légère pluie,0.4694704333333333
2024-10-12,1728691200,26.86,33.21,29.94,27.68,29.77,26.93,29.94,1016.0,61,6.51,310,100,0.0,0.46,0,Rain,légère pluie,0.4694704333333333
2024-10-13,1728777600,26.06,32.1,31.76,27.48,28.75,26.23,31.76,1015.0,50,8.23,314,47,0.0,0.0,0,Clouds,partiellement nuageux,0.4694704333333333
2024-10-14,1728864000,25.1,32.61,31.34,26.19,29.15,25.1,31.34,1014.0,55,5.89,310,64,0.0,0.0,0,Clouds,nuageux,0.4694704333333333
2024-10-15,1728950400,25.52,32.43,30.25,26.62,30.63,25.78,30.25,1013.0,58,5.74,321,78,0.0,0.81,0,Rain,légère pluie,0.4694704333333333
2024-10-16,1729036800,23.39,33.69,31.44,27.05,28.59,25.7,31.44,1014.0,54,8.88,123,93,0.0,7.51,0,Rain,pluie modérée,0.4694704333333333
2024-10-17,1729123200,23.56,34.91,31.2,24.05,32.38,26.94,31.2,1014.0,55,5.84,24,100,0.0,2.56,0,Rain,légère pluie,0.4694704333333333
2024-10-18,1729209600,25.47,32.65,29.2,26.7,29.68,27.16,29.2,1014.0,51,8.7,337,100,0.0,2.3,0,Rain,pluie modérée,0.4694704333333333
2024-10-19,1729296000,24.68,35.73,33.4,26.45,30.78,24.82,33.4,1012.0,41,4.91,289,82,0.0,0.0,0,Clouds,nuageux,0.4694704333333333
2024-10-20,1729382400,26.14,34.1,33.32,27.94,30.82,26.18,33.32,1013.0,40,5.16,303,70,0.0,0.0,0,Clouds,nuageux,0.4694704333333333
2024-10-21,1729468800,24.77,38.73,34.35,26.58,36.95,24.94,34.35,1012.0,36,4.57,281,57,0.0,0.0,0,Clouds,nuageux,0.4318096
2024-10-22,1729555200,25.17,36.93,34.82,28.02,35.4,25.58,34.82,1013.0,12,5.01,97,41,0.0,0.0,0,Clouds,partiellement nuageux,0.4318096
2024-10-23,1729641600,24.22,36.3,33.63,27.49,32.78,24.32,33.63,1012.0,28,4.27,281,8,0.0,0.0,0,Clear,ciel dégagé,0.4318096
2024-10-24,1729728000,25.69,36.35,34.15,27.07,34.04,25.71,34.15,1013.0,24,3.41,356,78,0.0,0.0,0,Clouds,nuageux,0.4318096
2024-10-25,1729814400,26.51,38.58,36.29,28.48,36.56,26.79,36.29,1013.0,18,5.41,94,100,0.0,0.0,0,Clouds,couvert,0.4318096
2024-10-26,1729900800,27.61,38.38,36.47,29.29,35.97,27.61,36.47,1013.0,19,6.15,86,84,0.0,0.0,0,Clouds,nuageux,0.4318096
2024-10-27,1729987200,25.91,35.55,33.91,30.09,29.81,26.33,33.91,1012.0,23,7.02,334,99,0.0,0.0,0,Clouds,couvert,0.4318096
2024-10-28,1730073600,24.78,34.24,32.62,26.31,28.57,25.07,32.62,1012.0,22,6.88,332,68,0.0,0.0,0,Clouds,nuageux,0.4318096
2024-10-29,1730160000,23.51,34.68,32.18,25.96,29.6,23.84,32.18,1012.0,22,6.46,334,86,0.0,0.0,0,Clouds,couvert,0.4318096
2024-10-30,1730246400,24.25,36.28,34.07,26.02,30.06,24.43,34.07,1012.0,21,7.09,329,90,0.0,0.0,0,Clouds,couvert,0.4318096
2024-10-31,1730332800,24.88,36.74,33.81,26.64,30.25,25.0,33.81,1012.0,25,6.96,334,52,0.0,0.0,0,Clouds,nuageux,0.4318096
2024-11-01,1730419200,25.18,37.17,34.87,27.05,30.68,25.53,34.87,1012.0,27,6.43,321,5,0.0,0.0,0,Clear,ciel dégagé,0.3884949
2024-11-02,1730505600,25.04,36.78,34.69,26.48,29.3,25.53,34.69,1011.0,25,8.02,326,70,0.0,0.0,0,Clouds,nuageux,0.3884949
2024-11-03,1730592000,24.2,35.96,34.24,26.49,28.84,24.48,34.24,1012.0,26,7.76,335,42,0.0,0.0,0,Clouds,partiellement nuageux,0.3884949
2024-11-04,1730678400,23.02,37.0,34.34,25.47,29.03,23.3,34.34,1013.0,19,7.43,338,0,0.0,0.0,0,Clear,ciel dégagé,0.3884949
2024-11-05,1730764800,23.03,38.23,35.57,25.31,32.78,23.21,35.57,1012.0,17,4.92,6,1,0.0,0.0,0,Clear,ciel dégagé,0.3884949
2024-11-06,1730851200,25.76,38.3,36.52,26.77,33.5,25.81,36.52,1011.0,11,6.31,93,3,0.0,0.0,0,Clear,ciel dégagé,0.3884949
2024-11-07,1730937600,25.12,37.63,35.7,26.5,35.39,25.63,35.7,1011.0,13,5.65,110,0,0.0,0.0,0,Clear,ciel dégagé,0.3884949
2024-11-08,1731024000,25.17,37.18,35.33,27.99,34.92,25.58,35.33,1012.0,14,5.69,102,1,0.0,0.0,0,Clear,ciel dégagé,0.3884949
2024-11-09,1731110400,24.61,36.46,34.86,27.82,33.81,25.09,34.86,1014.0,11,5.73,106,6,0.0,0.0,0,Clear,ciel dégagé,0.3884949
2024-11-10,1731196800,23.56,36.45,34.27,25.93,33.76,24.32,34.27,1012.0,11,7.74,89,32,0.0,0.0,0,Clouds,partiellement nuageux,0.3884949
2024-11-11,1731283200,23.54,36.1,34.69,26.12,33.14,23.87,34.69,1011.0,11,7.41,82,8,0.0,0.0,0,Clear,ciel dégagé,0.3497521833333333
2024-11-12,1731369600,22.84,35.56,34.09,27.22,29.56,23.28,34.09,1011.0,8,7.13,331,0,0.0,0.0,0,Clear,ciel dégagé,0.3497521833333333
2024-11-13,1731456000,21.72,33.24,32.14,24.21,28.09,22.14,32.14,1011.0,19,6.37,315,55,0.0,0.0,0,Clouds,nuageux,0.3497521833333333
2024-11-14,1731542400,21.99,31.99,30.69,23.72,27.16,22.22,30.69,1012.0,33,6.34,316,78,0.0,0.0,0,Clouds,nuageux,0.3497521833333333
2024-11-15,1731628800,22.43,30.83,30.16,23.7,26.18,22.54,30.16,1012.0,42,6.02,326,70,0.0,0.0,0,Clouds,nuageux,0.3497521833333333
2024-11-16,1731715200,23.03,30.97,29.95,24.16,26.42,23.04,29.95,1012.0,43,5.94,337,100,0.0,0.0,0,Clouds,couvert,0.3497521833333333
2024-11-17,1731801600,23.59,32.64,29.59,24.09,28.06,23.79,29.59,1012.0,35,5.9,338,100,0.0,0.0,0,Clouds,couvert,0.3497521833333333
2024-11-18,1731888000,23.36,35.38,33.49,24.86,26.54,23.81,33.49,1012.0,25,8.06,337,86,0.0,0.0,0,Clouds,couvert,0.3497521833333333
2024-11-19,1731974400,22.47,37.11,33.74,24.71,31.95,22.73,33.74,1012.0,17,6.53,357,100,0.0,0.0,0,Clouds,couvert,0.3497521833333333
2024-11-20,1732060800,24.2,35.64,31.68,28.08,33.23,24.5,31.68,1013.0,31,4.27,279,100,0.0,0.0,0,Clouds,couvert,0.3497521833333333
2024-11-21,1732147200,22.68,36.72,34.81,25.22,32.46,23.07,34.81,1013.0,14,4.63,105,0,0.0,0.0,0,Clear,ciel dégagé,0.31863556
2024-11-22,1732233600,23.03,36.57,33.89,25.15,31.27,23.35,33.89,1013.0,9,5.23,76,71,0.0,0.0,0,Clouds,nuageux,0.31863556
2024-11-23,1732320000,23.37,36.89,34.88,25.1,30.09,23.65,34.88,1012.0,9,5.14,339,16,0.0,0.0,0,Clouds,peu nuageux,0.31863556
2024-11-24,1732406400,22.41,36.95,34.91,25.3,29.85,22.75,34.91,1013.0,9,5.44,334,1,0.0,0.0,0,Clear,ciel dégagé,0.31863556
2024-11-25,1732492800,21.45,37.23,34.21,24.09,29.57,22.01,34.21,1014.0,10,6.25,36,0,0.0,0.0,0,Clear,ciel dégagé,0.31863556
2024-11-26,1732579200,22.14,37.53,34.92,23.54,31.95,22.72,34.92,1014.0,10,5.91,97,0,0.0,0.0,0,Clear,ciel dégagé,0.31863556
2024-11-27,1732665600,23.23,36.71,33.44,24.57,33.31,23.9,33.44,1014.0,10,6.1,100,40,0.0,0.0,0,Clouds,partiellement nuageux,0.31863556
2024-11-28,1732752000,22.83,36.33,33.8,25.42,32.51,23.1,33.8,1013.0,11,5.52,101,49,0.0,0.0,0,Clouds,partiellement nuageux,0.31863556
2024-11-29,1732838400,22.1,36.11,33.71,24.93,32.45,22.4,33.71,1014.0,12,6.79,112,9,0.0,0.0,0,Clear,ciel dégagé,0.31863556
2024-11-30,1732924800,21.2,35.22,32.98,24.34,31.86,21.66,32.98,1015.0,9,7.61,96,28,0.0,0.0,0,Clouds,partiellement nuageux,0.31863556
2024-12-01,1733011200,20.41,33.98,31.2,23.71,30.32,21.02,31.2,1014.0,10,7.55,78,90,0.0,0.0,0,Clouds,couvert,0.29554281666666665
2024-12-02,1733097600,21.1,33.4,31.21,23.7,28.85,21.49,31.21,1013.0,10,5.71,86,99,0.0,0.0,0,Clouds,couvert,0.29554281666666665
2024-12-03,1733184000,21.14,30.49,29.61,23.24,26.8,21.56,29.61,1014.0,10,5.39,52,100,0.0,0.0,0,Clouds,couvert,0.29554281666666665
2024-12-04,1733270400,24.38,30.08,27.95,26.44,26.17,24.61,27.95,1015.0,29,8.3,57,100,0.0,0.0,0,Clouds,couvert,0.29554281666666665
2024-12-05,1733356800,25.46,31.21,30.01,25.46,29.59,26.43,30.01,1014.0,14,13.17,99,100,0.0,0.0,0,Clouds,couvert,0.29554281666666665
2024-12-06,1733443200,22.66,34.0,30.81,27.02,30.88,24.03,30.81,1014.0,10,8.15,90,100,0.0,0.0,0,Clouds,couvert,0.29554281666666665
2024-12-07,1733529600,19.0,32.72,29.09,23.87,29.81,19.47,29.09,1014.0,13,7.69,79,89,0.0,0.0,0,Clouds,couvert,0.29554281666666665
2024-12-08,1733616000,19.58,33.67,30.43,24.15,30.25,20.11,30.43,1014.0,11,7.02,92,98,0.0,0.0,0,Clouds,couvert,0.29554281666666665
2024-12-09,1733702400,20.01,33.23,30.67,23.18,29.29,21.11,30.67,1013.0,10,6.35,98,99,0.0,0.0,0,Clouds,couvert,0.29554281666666665
2024-12-10,1733788800,20.5,32.35,29.92,22.4,25.45,20.98,29.92,1014.0,11,6.75,337,100,0.0,0.0,0,Clouds,couvert,0.29554281666666665
2024-12-11,1733875200,17.64,31.58,29.01,20.19,24.2,17.77,29.01,1014.0,19,7.09,340,99,0.0,0.0,0,Clouds,couvert,0.2790433766666667
2024-12-12,1733961600,17.88,32.23,30.07,20.79,25.45,18.07,30.07,1014.0,12,6.8,341,37,0.0,0.0,0,Clouds,partiellement nuageux,0.2790433766666667
2024-12-13,1734048000,20.35,36.98,33.78,22.02,30.49,20.42,33.78,1012.0,9,5.76,71,18,0.0,0.0,0,Clouds,peu nuageux,0.2790433766666667
2024-12-14,1734134400,23.16,38.96,35.82,24.45,36.14,23.46,35.82,1011.0,15,9.2,122,76,0.0,0.0,0,Clouds,nuageux,0.2790433766666667
2024-12-15,1734220800,24.47,38.91,35.92,27.87,35.67,24.99,35.92,1012.0,12,9.67,105,73,0.0,0.0,0,Clouds,nuageux,0.2790433766666667
2024-12-16,1734307200,22.31,36.95,34.2,26.86,33.85,22.58,34.2,1015.0,6,8.47,93,77,0.0,0.0,0,Clouds,nuageux,0.2790433766666667
2024-12-17,1734393600,22.61,32.82,30.01,25.82,29.78,23.2,30.01,1016.0,8,8.92,82,100,0.0,0.0,0,Clouds,couvert,0.2790433766666667
2024-12-18,1734480000,19.27,33.95,30.53,22.92,31.03,20.32,30.53,1015.0,10,8.59,89,74,0.0,0.0,0,Clouds,nuageux,0.2790433766666667
2024-12-19,1734566400,19.2,33.07,29.43,21.7,30.34,19.45,29.43,1016.0,13,8.43,87,81,0.0,0.0,0,Clouds,nuageux,0.2790433766666667
2024-12-20,1734652800,17.87,32.31,28.75,21.48,29.28,17.88,28.75,1015.0,11,8.06,87,84,0.0,0.0,0,Clouds,nuageux,0.2790433766666667
2024-12-21,1734739200,17.88,32.44,29.36,20.76,29.07,18.25,29.36,1015.0,12,7.2,91,99,0.0,0.0,0,Clouds,couvert,0.26679352333333334
2024-12-22,1734825600,16.91,30.63,27.61,20.07,25.91,17.37,27.61,1016.0,13,6.54,345,100,0.0,0.0,0,Clouds,couvert,0.26679352333333334
2024-12-23,1734912000,16.29,30.21,27.78,18.7,23.7,17.32,27.78,1013.0,11,6.68,331,62,0.0,0.0,0,Clouds,nuageux,0.26679352333333334
2024-12-24,1734998400,16.7,28.81,25.6,17.99,24.8,16.72,25.6,1013.0,22,4.34,344,85,0.0,0.0,0,Clouds,couvert,0.26679352333333334
2024-12-25,1735084800,19.37,30.6,26.88,21.04,24.78,19.83,26.88,1015.0,35,5.82,341,75,0.0,0.12,0,Rain,légère pluie,0.26679352333333334
2024-12-26,1735171200,18.08,33.09,29.54,20.1,28.85,18.41,29.54,1015.0,22,6.62,42,2,0.0,0.0,0,Clear,ciel dégagé,0.26679352333333334
2024-12-27,1735257600,20.75,36.49,32.81,22.0,30.36,21.14,32.81,1014.0,17,7.49,68,40,0.0,0.0,0,Clouds,partiellement nuageux,0.26679352333333334
2024-12-28,1735344000,23.04,35.36,33.33,23.1,32.24,23.59,33.33,1014.0,12,7.02,92,100,0.0,0.0,0,Clouds,couvert,0.26679352333333334
2024-12-29,1735430400,23.41,37.13,35.1,25.55,34.03,23.86,35.1,1013.0,13,7.35,79,43,0.0,0.0,0,Clouds,partiellement nuageux,0.26679352333333334
2024-12-30,1735516800,22.11,36.13,33.71,25.49,34.21,22.62,33.71,1014.0,16,7.57,98,48,0.0,0.0,0,Clouds,partiellement nuageux,0.26679352333333334
2024-12-31,1735603200,20.98,34.88,32.01,24.85,32.38,21.42,32.01,1014.0,15,7.69,81,0,0.0,0.0,0,Clear,ciel dégagé,0.26679352333333334
2025-01-01,1735689600,18.05,31.81,28.4,23.24,29.67,18.67,28.4,1015.0,13,8.16,66,88,0.0,0.0,0,Clouds,couvert,0.2570688
2025-01-02,1735776000,16.1,31.58,27.84,20.26,29.32,16.66,27.84,1015.0,12,7.14,68,1,0.0,0.0,0,Clear,ciel dégagé,0.2570688
2025-01-03,1735862400,16.34,31.7,27.6,20.11,29.43,16.7,27.6,1015.0,12,7.5,86,100,0.0,0.0,0,Clouds,couvert,0.2570688
2025-01-04,1735948800,16.76,31.95,28.12,20.46,27.99,17.12,28.12,1016.0,12,6.07,81,94,0.0,0.0,0,Clouds,couvert,0.2570688
2025-01-05,1736035200,16.21,31.42,28.0,19.37,25.27,17.12,28.0,1015.0,10,6.73,349,0,0.0,0.0,0,Clear,ciel dégagé,0.2570688
2025-01-06,1736121600,16.74,32.57,28.62,17.13,27.77,17.88,28.62,1015.0,8,6.07,52,0,0.0,0.0,0,Clear,ciel dégagé,0.2570688
2025-01-07,1736208000,16.77,34.58,30.61,19.05,31.24,17.04,30.61,1014.0,7,6.74,73,0,0.0,0.0,0,Clear,ciel dégagé,0.2570688
2025-01-08,1736294400,19.24,36.36,32.56,20.79,32.31,19.47,32.56,1014.0,8,6.48,74,23,0.0,0.0,0,Clouds,peu nuageux,0.2570688
2025-01-09,1736380800,20.1,37.29,34.0,22.5,34.84,20.34,34.0,1013.0,9,6.97,83,0,0.0,0.0,0,Clear,ciel dégagé,0.2570688
2025-01-10,1736467200,20.84,36.22,33.03,24.81,34.02,21.27,33.03,1013.0,10,8.21,103,0,0.0,0.0,0,Clear,ciel dégagé,0.2570688
2025-01-11,1736553600,19.97,35.21,32.56,23.4,32.56,20.3,32.56,1014.0,7,7.95,86,0,0.0,0.0,0,Clear,ciel dégagé,0.2495275233333333
2025-01-12,1736640000,17.84,33.14,30.19,21.74,27.65,18.62,30.19,1014.0,9,7.05,91,0,0.0,0.0,0,Clear,ciel dégagé,0.2495275233333333
2025-01-13,1736726400,17.14,33.24,30.06,19.09,26.11,17.49,30.06,1013.0,8,6.9,330,1,0.0,0.0,0,Clear,ciel dégagé,0.2495275233333333
2025-01-14,1736812800,17.18,32.6,30.23,19.83,25.66,17.38,30.23,1012.0,9,7.85,340,1,0.0,0.0,0,Clear,ciel dégagé,0.2495275233333333
2025-01-15,1736899200,15.1,32.0,28.87,17.66,25.09,15.6,28.87,1012.0,8,6.58,336,70,0.0,0.0,0,Clouds,nuageux,0.2495275233333333
2025-01-16,1736985600,15.37,32.91,29.27,17.9,30.91,15.76,29.27,1013.0,12,6.77,85,15,0.0,0.0,0,Clouds,peu nuageux,0.2495275233333333
2025-01-17,1737072000,14.85,28.53,22.99,18.89,26.14,15.12,22.99,1016.0,14,7.29,60,97,0.0,0.0,0,Clouds,couvert,0.2495275233333333
2025-01-18,1737158400,15.51,29.65,25.4,19.14,27.96,16.79,25.4,1017.0,9,6.73,74,97,0.0,0.0,0,Clouds,couvert,0.2495275233333333
2025-01-19,1737244800,16.72,32.62,28.3,19.52,27.91,16.72,28.3,1017.0,4,6.79,72,62,0.0,0.0,0,Clouds,nuageux,0.2495275233333333
2025-01-20,1737331200,16.26,33.28,29.31,20.39,29.28,16.6,29.31,1016.0,6,6.1,74,85,0.0,0.0,0,Clouds,couvert,0.2495275233333333
2025-01-21,1737417600,17.07,33.84,30.76,19.17,28.07,17.12,30.76,1015.0,7,5.72,85,13,0.0,0.0,0,Clouds,peu nuageux,0.24301721666666667
2025-01-22,1737504000,16.63,30.29,29.19,18.22,24.01,16.93,29.19,1015.0,15,7.12,337,16,0.0,0.0,0,Clouds,peu nuageux,0.24301721666666667
2025-01-23,1737590400,15.95,28.3,26.0,17.98,21.96,15.95,26.0,1014.0,35,7.77,8,40,0.0,0.0,0,Clouds,partiellement nuageux,0.24301721666666667
2025-01-24,1737676800,16.57,31.23,28.24,17.54,22.76,16.86,28.24,1015.0,20,7.89,334,2,0.0,0.0,0,Clear,ciel dégagé,0.24301721666666667
2025-01-25,1737763200,17.16,34.86,31.44,19.04,24.03,17.16,31.44,1015.0,10,8.23,336,67,0.0,0.0,0,Clouds,nuageux,0.24301721666666667
2025-01-26,1737849600,17.51,35.78,32.0,20.01,28.21,17.51,32.0,1015.0,7,7.67,342,1,0.0,0.0,0,Clear,ciel dégagé,0.24301721666666667
2025-01-27,1737936000,20.48,38.56,34.49,20.82,31.94,20.72,34.49,1014.0,6,7.52,65,0,0.0,0.0,0,Clear,ciel dégagé,0.24301721666666667
2025-01-28,1738022400,22.4,38.23,35.51,24.81,36.29,22.65,35.51,1014.0,7,10.46,89,0,0.0,0.0,0,Clear,ciel dégagé,0.24301721666666667
2025-01-29,1738108800,19.88,36.68,33.1,24.9,34.91,20.26,33.1,1015.0,6,9.41,70,0,0.0,0.0,0,Clear,ciel dégagé,0.24301721666666667
2025-01-30,1738195200,19.45,36.58,33.14,23.78,35.04,19.69,33.14,1015.0,6,9.45,70,0,0.0,0.0,0,Clear,ciel dégagé,0.24301721666666667
2025-01-31,1738281600,19.14,34.29,30.97,23.45,32.52,19.31,30.97,1015.0,7,10.18,61,2,0.0,0.0,0,Clear,ciel dégagé,0.24301721666666667
2025-02-01,1738368000,15.55,32.33,27.93,19.95,28.67,16.13,27.93,1016.0,9,8.82,53,0,0.0,0.0,0,Clear,ciel dégagé,0.23608045666666666
2025-02-02,1738454400,16.41,31.16,26.71,17.68,29.83,16.65,26.71,1016.0,10,10.05,73,0,0.0,0.0,0,Clear,ciel dégagé,0.23608045666666666
2025-02-03,1738540800,13.14,30.45,26.41,17.7,27.99,13.53,26.41,1015.0,7,8.32,68,18,0.0,0.0,0,Clouds,peu nuageux,0.23608045666666666
2025-02-04,1738627200,14.17,30.22,26.54,16.35,25.55,14.81,26.54,1015.0,7,7.19,353,100,0.0,0.0,0,Clouds,couvert,0.23608045666666666
2025-02-05,1738713600,15.1,32.85,29.0,17.91,31.16,16.02,29.0,1015.0,7,8.57,66,71,0.0,0.0,0,Clouds,nuageux,0.23608045666666666
2025-02-06,1738800000,15.97,33.82,30.05,20.09,31.17,16.2,30.05,1014.0,7,7.98,69,0,0.0,0.0,0,Clear,ciel dégagé,0.23608045666666666
2025-02-07,1738886400,15.92,33.93,29.77,20.32,31.58,16.47,29.77,1013.0,7,8.36,70,0,0.0,0.0,0,Clear,ciel dégagé,0.23608045666666666
2025-02-08,1738972800,15.84,34.58,30.06,20.26,31.61,16.19,30.06,1013.0,9,7.39,71,21,0.0,0.0,0,Clouds,peu nuageux,0.23608045666666666
2025-02-09,1739059200,19.73,36.48,32.96,22.18,33.17,20.25,32.96,1012.0,10,7.1,359,83,0.0,0.0,0,Clouds,nuageux,0.23608045666666666
2025-02-10,1739145600,19.49,34.64,32.96,21.97,26.23,20.18,32.96,1011.0,7,8.16,335,71,0.0,0.0,0,Clouds,nuageux,0.23608045666666666
2025-02-11,1739232000,18.01,34.35,32.0,19.17,25.77,18.13,32.0,1010.0,11,7.96,327,86,0.0,0.0,0,Clouds,couvert,0.22949586666666666
2025-02-12,1739318400,17.78,32.65,30.87,18.87,25.13,18.29,30.87,1010.0,18,7.74,329,68,0.0,0.0,0,Clouds,nuageux,0.22949586666666666
2025-02-13,1739404800,17.13,29.67,28.46,18.39,23.75,17.6,28.46,1012.0,28,6.83,325,32,0.0,0.0,0,Clouds,partiellement nuageux,0.22949586666666666
2025-02-14,1739491200,16.55,30.54,28.85,17.08,26.02,16.71,28.85,1011.0,27,6.07,324,68,0.0,0.0,0,Clouds,nuageux,0.22949586666666666
2025-02-15,1739577600,16.09,29.13,28.67,17.55,22.63,16.21,28.67,1013.0,23,7.64,336,9,0.0,0.0,0,Clear,ciel dégagé,0.22949586666666666
2025-02-16,1739664000,15.7,33.12,29.56,16.25,23.3,15.78,29.56,1012.0,20,7.21,331,71,0.0,0.0,0,Clouds,nuageux,0.22949586666666666
2025-02-17,1739750400,15.69,33.35,30.43,17.85,26.26,15.84,30.43,1012.0,15,7.32,337,5,0.0,0.0,0,Clear,ciel dégagé,0.22949586666666666
2025-02-18,1739836800,16.1,33.41,29.81,17.81,23.51,16.25,29.81,1013.0,19,9.03,343,6,0.0,0.0,0,Clear,ciel dégagé,0.22949586666666666
2025-02-19,1739923200,16.38,36.03,32.32,17.62,27.39,17.34,32.32,1013.0,7,8.68,21,7,0.0,0.0,0,Clear,ciel dégagé,0.22949586666666666
2025-02-20,1740009600,19.24,36.79,32.69,20.58,26.04,19.72,32.69,1014.0,12,8.38,342,48,0.0,0.0,0,Clouds,partiellement nuageux,0.22949586666666666
2025-02-21,1740096000,16.56,35.97,32.33,19.13,26.17,16.76,32.33,1013.0,9,8.49,340,0,0.0,0.0,0,Clear,ciel dégagé,0.22444982333333333
2025-02-22,1740182400,18.96,36.7,32.53,20.33,34.37,18.96,32.53,1014.0,10,9.75,77,0,0.0,0.0,0,Clear,ciel dégagé,0.22444982333333333
2025-02-23,1740268800,19.53,35.79,31.75,23.12,33.92,19.89,31.75,1015.0,10,9.25,73,0,0.0,0.0,0,Clear,ciel dégagé,0.22444982333333333
2025-02-24,1740355200,18.37,35.89,31.83,22.96,34.73,18.67,31.83,1015.0,9,9.14,70,0,0.0,0.0,0,Clear,ciel dégagé,0.22444982333333333
2025-02-25,1740441600,18.93,34.93,31.24,24.14,33.72,19.81,31.24,1016.0,10,10.53,82,0,0.0,0.0,0,Clear,ciel dégagé,0.22444982333333333
2025-02-26,1740528000,17.95,34.01,29.69,22.26,32.94,18.24,29.69,1016.0,10,8.99,73,0,0.0,0.0,0,Clear,ciel dégagé,0.22444982333333333
2025-02-27,1740614400,17.81,34.8,31.52,20.75,31.55,18.01,31.52,1013.0,7,7.25,84,34,0.0,0.0,0,Clouds,partiellement nuageux,0.22444982333333333
2025-02-28,1740700800,17.42,33.84,31.62,18.75,25.82,17.67,31.62,1013.0,6,8.09,328,92,0.0,0.0,0,Clouds,couvert,0.22444982333333333
2025-03-01,1740787200,16.6,29.49,29.06,18.82,23.65,16.95,29.06,1013.0,25,6.57,317,96,0.0,0.0,0,Clouds,couvert,0.22017937333333334
2025-03-02,1740873600,17.29,27.39,27.01,19.09,21.36,18.56,27.01,1013.0,30,7.67,324,86,0.0,0.0,0,Clouds,couvert,0.22017937333333334
2025-03-03,1740960000,17.2,25.85,24.16,17.67,21.46,17.47,24.16,1014.0,41,8.05,335,98,0.0,0.0,0,Clouds,couvert,0.22017937333333334
2025-03-04,1741046400,16.38,26.6,25.92,17.54,21.8,17.11,25.92,1013.0,34,7.74,342,96,0.0,0.0,0,Clouds,couvert,0.22017937333333334
2025-03-05,1741132800,15.51,27.36,26.22,17.38,21.62,16.22,26.22,1013.0,33,8.22,336,47,0.0,0.0,0,Clouds,partiellement nuageux,0.22017937333333334
2025-03-06,1741219200,17.14,28.62,25.98,17.66,22.17,17.47,25.98,1014.0,32,8.47,342,95,0.0,0.0,0,Clouds,couvert,0.22017937333333334
2025-03-07,1741305600,15.86,30.13,28.74,17.65,24.25,16.27,28.74,1013.0,26,7.46,332,0,0.0,0.0,0,Clear,ciel dégagé,0.22017937333333334
2025-03-08,1741392000,16.44,28.41,27.43,17.77,22.82,16.57,27.43,1013.0,33,8.67,344,4,0.0,0.0,0,Clear,ciel dégagé,0.22017937333333334
2025-03-09,1741478400,16.25,30.48,29.24,17.23,24.01,16.25,29.24,1012.0,26,8.05,339,61,0.0,0.0,0,Clouds,nuageux,0.22017937333333334
2025-03-10,1741564800,16.99,31.59,29.52,17.75,25.13,17.22,29.52,1013.0,26,7.27,340,36,0.0,0.0,0,Clouds,partiellement nuageux,0.22017937333333334
2025-03-11,1741651200,16.56,31.46,29.55,17.61,24.15,16.61,29.55,1014.0,26,8.14,339,35,0.0,0.0,0,Clouds,partiellement nuageux,0.21583944333333335
2025-03-12,1741737600,17.16,30.51,29.62,17.75,24.3,17.3,29.62,1015.0,26,8.48,341,7,0.0,0.0,0,Clear,ciel dégagé,0.21583944333333335
2025-03-13,1741824000,16.1,30.44,28.47,18.25,25.32,16.47,28.47,1013.0,30,7.18,329,5,0.0,0.0,0,Clear,ciel dégagé,0.21583944333333335
2025-03-14,1741910400,16.32,32.14,28.65,17.62,25.19,16.32,28.65,1013.0,35,7.59,333,60,0.0,0.0,0,Clouds,nuageux,0.21583944333333335
2025-03-15,1741996800,16.83,35.09,32.55,18.19,25.97,17.31,32.55,1014.0,17,8.12,340,0,0.0,0.0,0,Clear,ciel dégagé,0.21583944333333335
2025-03-16,1742083200,19.78,36.8,32.15,21.15,29.05,19.81,32.15,1015.0,21,8.66,342,60,0.0,0.0,0,Clouds,nuageux,0.21583944333333335
2025-03-17,1742169600,20.34,39.68,36.98,21.5,28.27,20.34,36.98,1013.0,10,9.88,331,21,0.0,0.0,0,Clouds,peu nuageux,0.21583944333333335
2025-03-18,1742256000,21.27,40.43,39.16,22.84,28.71,21.27,39.16,1010.0,7,9.44,332,12,0.0,0.0,0,Clouds,peu nuageux,0.21583944333333335
2025-03-19,1742342400,18.5,35.43,33.66,23.2,24.54,18.72,33.66,1012.0,19,9.59,330,1,0.0,0.0,0,Clear,ciel dégagé,0.21583944333333335
2025-03-20,1742428800,17.42,31.17,30.65,19.39,23.62,17.53,30.65,1015.0,24,8.7,340,0,0.0,0.0,0,Clear,ciel dégagé,0.21583944333333335
2025-03-21,1742515200,17.67,34.57,32.86,18.49,25.58,17.95,32.86,1014.0,19,8.84,334,1,0.0,0.0,0,Clear,ciel dégagé,0.21113961333333334
2025-03-22,1742601600,18.12,34.41,33.09,20.62,24.73,18.36,33.09,1013.0,21,8.99,332,1,0.0,0.0,0,Clear,ciel dégagé,0.21113961333333334
2025-03-23,1742688000,18.6,34.73,34.31,20.04,26.16,18.71,34.31,1012.0,13,8.89,342,15,0.0,0.0,0,Clouds,peu nuageux,0.21113961333333334
2025-03-24,1742774400,17.82,35.57,34.24,19.71,26.14,18.13,34.24,1013.0,9,8.96,337,47,0.0,0.0,0,Clouds,partiellement nuageux,0.21113961333333334
2025-03-25,1742860800,17.69,36.35,34.0,19.65,26.6,17.95,34.0,1014.0,8,8.9,332,24,0.0,0.0,0,Clouds,peu nuageux,0.21113961333333334
2025-03-26,1742947200,16.88,34.89,32.75,19.45,26.06,16.94,32.75,1013.0,13,8.3,336,24,0.0,0.0,0,Clouds,peu nuageux,0.21113961333333334
2025-03-27,1743033600,16.3,30.62,28.68,18.55,23.91,16.55,28.68,1011.0,25,7.56,339,84,0.0,0.0,0,Clouds,nuageux,0.21113961333333334
2025-03-28,1743120000,17.46,30.3,28.26,17.71,23.71,18.39,28.26,1012.0,24,8.23,328,88,0.0,0.0,0,Clouds,couvert,0.21113961333333334
2025-03-29,1743206400,17.42,29.99,25.31,17.46,23.73,18.07,25.31,1014.0,36,7.54,345,100,0.0,0.0,0,Clouds,couvert,0.21113961333333334
2025-03-30,1743292800,18.59,33.62,27.64,18.85,23.88,19.36,27.64,1013.0,32,10.36,329,100,0.0,0.0,0,Clouds,couvert,0.21113961333333334
2025-03-31,1743379200,18.72,37.33,35.22,18.72,25.64,20.0,35.22,1012.0,16,11.34,339,82,0.0,0.0,0,Clouds,nuageux,0.21113961333333334
2025-04-01,1743465600,18.83,36.01,34.33,21.32,25.96,19.19,34.33,1011.0,17,9.88,344,29,0.0,0.0,0,Clouds,partiellement nuageux,0.20659211666666666
2025-04-02,1743552000,17.71,32.91,31.24,20.13,23.58,18.11,31.24,1010.0,25,8.69,333,19,0.0,0.0,0,Clouds,peu nuageux,0.20659211666666666
2025-04-03,1743638400,16.57,29.16,28.96,18.53,23.33,17.01,28.96,1013.0,28,8.6,339,6,0.0,0.0,0,Clear,ciel dégagé,0.20659211666666666
2025-04-04,1743724800,16.84,33.69,31.28,17.82,24.82,16.84,31.28,1013.0,22,8.67,335,53,0.0,0.0,0,Clouds,nuageux,0.20659211666666666
2025-04-05,1743811200,18.29,34.66,32.37,19.82,25.01,18.95,32.37,1014.0,22,10.51,339,26,0.0,0.0,0,Clouds,partiellement nuageux,0.20659211666666666
2025-04-06,1743897600,19.55,38.86,36.79,20.91,29.09,20.37,36.79,1011.0,11,10.11,332,29,0.0,0.0,0,Clouds,partiellement nuageux,0.20659211666666666
2025-04-07,1743984000,19.98,38.3,36.76,23.0,28.95,20.51,36.76,1010.0,11,9.13,330,3,0.0,0.0,0,Clear,ciel dégagé,0.20659211666666666
2025-04-08,1744070400,19.8,39.16,38.4,20.83,25.91,20.09,38.4,1011.0,9,10.41,336,10,0.0,0.0,0,Clear,ciel dégagé,0.20659211666666666
2025-04-09,1744156800,19.18,34.45,32.87,21.03,25.79,19.5,32.87,1014.0,22,9.24,330,5,0.0,0.0,0,Clear,ciel dégagé,0.20659211666666666
2025-04-10,1744243200,17.19,30.71,29.3,19.56,23.86,17.19,29.3,1013.0,34,8.16,332,2,0.0,0.0,0,Clear,ciel dégagé,0.20659211666666666
2025-04-11,1744329600,17.37,31.94,29.73,18.17,24.11,17.37,29.73,1012.0,31,7.93,337,38,0.0,0.0,0,Clouds,partiellement nuageux,0.20201086999999998
2025-04-12,1744416000,18.52,31.44,29.02,19.74,23.63,18.61,29.02,1013.0,31,9.31,345,84,0.0,0.0,0,Clouds,nuageux,0.20201086999999998
2025-04-13,1744502400,18.35,30.6,29.58,19.14,24.52,18.53,29.58,1013.0,31,9.27,343,48,0.0,0.0,0,Clouds,partiellement nuageux,0.20201086999999998
2025-04-14,1744588800,18.1,30.8,29.55,19.49,24.59,18.37,29.55,1013.0,34,8.27,333,34,0.0,0.0,0,Clouds,partiellement nuageux,0.20201086999999998
2025-04-15,1744675200,18.72,34.24,31.48,20.08,26.18,18.87,31.48,1013.0,25,7.02,318,87,0.0,0.0,0,Clouds,couvert,0.20201086999999998
2025-04-16,1744761600,19.31,37.44,35.71,20.7,30.22,19.71,35.71,1012.0,12,7.89,329,29,0.0,0.0,0,Clouds,partiellement nuageux,0.20201086999999998
2025-04-17,1744848000,19.42,36.46,34.71,21.91,26.85,19.49,34.71,1011.0,15,8.69,319,4,0.0,0.0,0,Clear,ciel dégagé,0.20201086999999998
2025-04-18,1744934400,18.5,34.63,33.94,20.87,26.08,18.77,33.94,1011.0,19,8.28,321,6,0.0,0.36,0,Rain,légère pluie,0.20201086999999998
2025-04-19,1745020800,19.96,35.3,32.16,21.03,25.83,20.6,32.16,1011.0,28,8.4,320,53,0.0,0.0,0,Clouds,nuageux,0.20201086999999998
2025-04-20,1745107200,22.03,39.32,37.13,22.11,27.86,23.08,37.13,1010.0,16,11.3,348,74,0.0,0.0,0,Clouds,nuageux,0.20201086999999998
2025-04-21,1745193600,21.69,34.54,29.88,22.28,29.84,22.54,29.88,1012.0,37,12.71,2,100,0.0,0.0,0,Clouds,couvert,0.19625677666666666
2025-04-22,1745280000,22.4,39.09,36.91,26.01,29.43,22.73,36.91,1011.0,16,9.31,336,16,0.0,0.0,0,Clouds,peu nuageux,0.19625677666666666
2025-04-23,1745366400,21.31,39.84,38.86,23.2,27.2,21.52,38.86,1010.0,12,9.32,334,0,0.0,0.0,0,Clear,ciel dégagé,0.19625677666666666
2025-04-24,1745452800,21.24,39.4,37.69,23.02,29.03,21.34,37.69,1009.0,12,9.79,340,65,0.0,0.0,0,Clouds,nuageux,0.19625677666666666
2025-04-25,1745539200,20.7,39.92,38.03,23.03,29.09,21.18,38.03,1008.0,15,9.5,330,55,0.0,0.0,0,Clouds,nuageux,0.19625677666666666
2025-04-26,1745625600,20.69,39.16,35.79,22.34,27.25,21.58,35.79,1009.0,22,9.82,312,1,0.0,0.0,0,Clear,ciel dégagé,0.19625677666666666
2025-04-27,1745712000,20.84,37.27,33.88,21.74,29.27,20.84,33.88,1009.0,26,7.14,286,2,0.0,0.0,0,Clear,ciel dégagé,0.19625677666666666
2025-04-28,1745798400,19.3,34.92,32.26,21.37,25.55,19.3,32.26,1010.0,30,7.92,296,13,0.0,0.0,0,Clouds,peu nuageux,0.19625677666666666
2025-04-29,1745884800,17.86,33.2,31.39,19.6,24.78,17.86,31.39,1010.0,34,7.53,309,0,0.0,0.0,0,Clear,ciel dégagé,0.19625677666666666
2025-04-30,1745971200,18.6,31.57,29.81,19.24,24.39,18.6,29.81,1010.0,38,8.19,316,2,0.0,0.0,0,Clear,ciel dégagé,0.19625677666666666
2025-05-01,1746057600,19.3,33.63,31.21,19.45,24.4,20.22,31.21,1012.0,33,8.94,317,68,0.0,0.0,0,Clouds,nuageux,0.19046765666666668
2025-05-02,1746144000,19.53,35.24,33.79,20.44,26.75,19.53,33.79,1012.0,24,6.93,318,7,0.0,0.14,0,Rain,légère pluie,0.19046765666666668
2025-05-03,1746230400,20.1,36.49,33.87,20.84,26.83,20.12,33.87,1014.0,26,9.07,331,67,0.0,1.12,0,Rain,légère pluie,0.19046765666666668
2025-05-04,1746316800,21.35,38.81,36.99,23.24,28.94,21.35,36.99,1012.0,21,9.09,324,42,0.0,0.0,0,Clouds,partiellement nuageux,0.19046765666666668
2025-05-05,1746403200,21.51,37.52,35.32,24.08,28.22,21.69,35.32,1011.0,24,8.91,325,1,0.0,0.19,0,Rain,légère pluie,0.19046765666666668
2025-05-06,1746489600,21.09,36.87,36.61,22.17,27.95,21.09,36.61,1011.0,17,11.94,345,8,0.0,0.0,0,Clear,ciel dégagé,0.19046765666666668
2025-05-07,1746576000,22.09,35.14,35.14,24.29,26.13,22.44,35.14,1013.0,24,10.0,338,53,0.0,0.0,0,Clouds,nuageux,0.19046765666666668
2025-05-08,1746662400,21.44,35.52,35.14,22.18,26.47,21.44,35.14,1011.0,23,10.35,333,21,0.0,0.0,0,Clouds,peu nuageux,0.19046765666666668
2025-05-09,1746748800,20.1,33.46,32.83,21.46,26.29,20.1,32.83,1011.0,26,9.19,324,23,0.0,0.0,0,Clouds,peu nuageux,0.19046765666666668
2025-05-10,1746835200,20.0,33.17,32.38,21.23,25.17,20.22,32.38,1013.0,28,9.97,336,9,0.0,0.0,0,Clear,ciel dégagé,0.19046765666666668
2025-05-11,1746921600,20.07,32.52,31.3,20.78,25.61,20.07,31.3,1014.0,29,8.68,342,29,0.0,0.0,0,Clouds,partiellement nuageux,0.18693656333333333
2025-05-12,1747008000,19.22,33.76,33.14,21.04,24.95,19.24,33.14,1014.0,25,9.17,325,46,0.0,0.0,0,Clouds,partiellement nuageux,0.18693656333333333
2025-05-13,1747094400,19.39,31.53,30.51,20.79,25.5,19.97,30.51,1013.0,29,8.29,332,27,0.0,0.0,0,Clouds,partiellement nuageux,0.18693656333333333
2025-05-14,1747180800,19.23,35.26,32.52,20.48,26.6,19.23,32.52,1012.0,24,8.23,332,33,0.0,0.0,0,Clouds,partiellement nuageux,0.18693656333333333
2025-05-15,1747267200,19.6,36.9,34.75,21.36,28.44,19.81,34.75,1010.0,20,9.06,326,6,0.0,0.0,0,Clear,ciel dégagé,0.18693656333333333
2025-05-16,1747353600,19.67,35.3,33.45,22.51,27.04,19.87,33.45,1011.0,21,7.95,324,61,0.0,0.0,0,Clouds,nuageux,0.18693656333333333
2025-05-17,1747440000,18.42,30.33,29.89,20.71,24.35,18.5,29.89,1012.0,27,8.46,332,35,0.0,0.0,0,Clouds,partiellement nuageux,0.18693656333333333
2025-05-18,1747526400,18.01,28.49,28.49,18.57,23.9,18.11,28.49,1013.0,33,7.73,334,96,0.0,0.0,0,Clouds,couvert,0.18693656333333333
2025-05-19,1747612800,17.77,33.63,32.96,18.67,25.43,17.77,32.96,1013.0,21,7.79,321,97,0.0,0.0,0,Clouds,couvert,0.18693656333333333
2025-05-20,1747699200,18.73,35.35,32.34,19.77,27.13,18.73,32.34,1013.0,28,7.28,313,24,0.0,0.0,0,Clouds,peu nuageux,0.18693656333333333
2025-05-21,1747785600,20.21,40.21,38.19,20.97,28.39,20.24,38.19,1010.0,19,8.76,308,16,0.0,0.0,0,Clouds,peu nuageux,0.18734064333333333
2025-05-22,1747872000,22.23,35.9,34.22,24.8,31.24,22.63,34.22,1012.0,31,7.34,265,33,0.0,0.26,0,Rain,légère pluie,0.18734064333333333
2025-05-23,1747958400,21.78,36.32,34.96,22.62,32.33,21.86,34.96,1013.0,28,7.83,219,53,0.0,0.0,0,Clouds,nuageux,0.18734064333333333
2025-05-24,1748044800,21.98,35.07,33.55,22.91,28.96,22.16,33.55,1014.0,37,6.88,305,44,0.0,1.07,0,Rain,légère pluie,0.18734064333333333
2025-05-25,1748131200,21.53,33.75,29.55,21.97,28.53,21.62,29.55,1016.0,38,6.99,322,81,0.0,0.53,0,Rain,légère pluie,0.18734064333333333
2025-05-26,1748217600,20.22,33.66,31.87,21.73,27.44,20.38,31.87,1014.0,31,8.02,320,5,0.0,0.0,0,Clear,ciel dégagé,0.18734064333333333
2025-05-27,1748304000,20.39,41.39,36.48,22.29,34.84,20.41,36.48,1012.0,22,6.62,218,55,0.0,0.0,0,Clouds,nuageux,0.18734064333333333
2025-05-28,1748390400,21.71,39.07,33.87,23.81,30.59,21.84,33.87,1014.0,33,7.81,297,5,0.0,0.0,0,Clear,ciel dégagé,0.18734064333333333
2025-05-29,1748476800,20.8,40.7,36.96,22.35,30.37,20.8,36.96,1013.0,19,9.53,320,30,0.0,0.0,0,Clouds,partiellement nuageux,0.18734064333333333
2025-05-30,1748563200,20.56,35.67,34.36,22.65,27.43,20.56,34.36,1013.0,24,7.95,305,50,0.0,0.0,0,Clouds,partiellement nuageux,0.18734064333333333
2025-05-31,1748649600,20.7,34.74,29.46,20.95,28.56,20.7,29.46,1014.0,42,7.55,291,100,0.0,0.95,0,Rain,légère pluie,0.18734064333333333
2025-06-01,1748736000,23.34,35.29,33.01,23.34,27.63,24.03,33.01,1015.0,44,8.73,306,93,0.0,6.98,0,Rain,pluie modérée,0.1927904
2025-06-02,1748822400,22.52,32.26,32.02,23.58,28.6,22.52,32.02,1015.0,46,6.49,319,59,0.0,2.73,0,Rain,pluie modérée,0.1927904
2025-06-03,1748908800,21.82,31.78,31.14,23.37,26.59,21.84,31.14,1014.0,43,9.11,310,14,0.0,0.0,0,Clouds,peu nuageux,0.1927904
2025-06-04,1748995200,20.92,39.41,33.69,22.02,33.75,20.96,33.69,1011.0,33,7.12,258,3,0.0,0.0,0,Clear,ciel dégagé,0.1927904
2025-06-05,1749081600,22.52,36.18,35.33,24.26,31.54,22.52,35.33,1013.0,32,6.68,247,20,0.0,0.0,0,Clouds,peu nuageux,0.1927904
2025-06-06,1749168000,22.32,36.1,32.76,23.63,29.32,22.32,32.76,1014.0,35,7.6,309,0,0.0,0.0,0,Clear,ciel dégagé,0.1927904
2025-06-07,1749254400,21.66,38.3,36.67,23.96,29.69,21.73,36.67,1012.0,15,8.44,315,0,0.0,0.0,0,Clear,ciel dégagé,0.1927904
2025-06-08,1749340800,21.54,36.83,33.91,23.32,28.85,21.59,33.91,1013.0,28,8.23,318,0,0.0,0.0,0,Clear,ciel dégagé,0.1927904
2025-06-09,1749427200,21.61,33.99,32.49,22.73,27.43,21.61,32.49,1013.0,36,6.83,309,26,0.0,0.0,0,Clouds,partiellement nuageux,0.1927904
2025-06-10,1749513600,21.91,33.78,33.5,22.98,28.86,22.09,33.5,1012.0,32,7.46,291,0,0.0,0.0,0,Clear,ciel dégagé,0.1927904
2025-06-11,1749600000,21.55,36.48,32.94,22.79,32.12,21.75,32.94,1011.0,35,7.14,230,19,0.0,0.0,0,Clouds,peu nuageux,0.20267823
2025-06-12,1749686400,23.89,35.63,33.97,24.36,31.16,24.16,33.97,1011.0,40,7.53,282,21,0.0,2.51,0,Rain,pluie modérée,0.20267823
2025-06-13,1749772800,24.44,33.26,33.15,25.4,30.19,25.48,33.15,1014.0,44,6.42,301,50,0.0,1.06,0,Rain,légère pluie,0.20267823
2025-06-14,1749859200,24.1,32.97,32.14,25.65,28.9,24.2,32.14,1015.0,43,7.54,312,22,0.0,0.0,0,Clouds,peu nuageux,0.20267823
2025-06-15,1749945600,22.5,31.53,30.4,23.92,28.97,22.5,30.4,1014.0,41,6.56,305,1,0.0,0.0,0,Clear,ciel dégagé,0.20267823
2025-06-16,1750032000,22.71,32.88,30.95,24.1,28.17,22.88,30.95,1014.0,37,6.4,309,1,0.0,0.0,0,Clear,ciel dégagé,0.20267823
2025-06-17,1750118400,24.05,33.74,31.74,24.57,28.07,25.26,31.74,1016.0,46,7.92,301,28,0.0,0.27,0,Rain,légère pluie,0.20267823
2025-06-18,1750204800,22.99,32.94,32.76,24.48,28.5,22.99,32.76,1016.0,33,6.62,317,42,0.0,0.0,0,Clouds,partiellement nuageux,0.20267823
2025-06-19,1750291200,22.21,30.99,30.42,23.41,27.5,22.25,30.42,1015.0,44,6.27,306,0,0.0,0.0,0,Clear,ciel dégagé,0.20267823
2025-06-20,1750377600,22.66,31.82,30.42,24.06,28.25,22.72,30.42,1015.0,45,7.21,294,99,0.0,0.0,0,Clouds,couvert,0.20267823
2025-06-21,1750464000,22.22,35.17,30.12,23.66,31.55,22.31,30.12,1013.0,46,6.26,280,5,0.0,0.0,0,Clear,ciel dégagé,0.21617003
2025-06-22,1750550400,22.95,37.34,34.25,23.9,32.62,23.02,34.25,1013.0,33,7.17,266,19,0.0,0.0,0,Clouds,peu nuageux,0.21617003
2025-06-23,1750636800,23.92,33.2,32.65,25.33,30.04,23.92,32.65,1013.0,44,6.42,294,15,0.0,0.0,0,Clouds,peu nuageux,0.21617003
2025-06-24,1750723200,23.85,32.0,30.83,25.39,28.85,23.95,30.83,1012.0,49,6.7,297,13,0.0,0.0,0,Clouds,peu nuageux,0.21617003
2025-06-25,1750809600,22.65,36.13,32.9,24.03,31.02,22.68,32.9,1013.0,40,7.34,247,57,0.0,0.0,0,Clouds,nuageux,0.21617003
2025-06-26,1750896000,23.4,33.42,31.82,24.5,29.45,23.4,31.82,1013.0,46,7.63,286,69,0.0,0.0,0,Clouds,nuageux,0.21617003
2025-06-27,1750982400,23.05,34.55,32.61,24.1,30.03,23.09,32.61,1014.0,44,7.59,297,32,0.0,0.53,0,Rain,légère pluie,0.21617003
2025-06-28,1751068800,24.21,35.03,32.11,25.82,28.68,24.31,32.11,1015.0,48,8.47,301,16,0.0,0.45,0,Rain,légère pluie,0.21617003
2025-06-29,1751155200,24.9,33.66,31.2,26.4,28.83,25.22,31.2,1015.0,51,7.17,310,41,0.0,0.0,0,Clouds,partiellement nuageux,0.21617003
2025-06-30,1751241600,23.2,33.49,32.07,24.6,30.28,23.2,32.07,1012.0,41,7.9,266,68,0.0,0.0,0,Clouds,nuageux,0.21617003
2025-07-01,1751328000,23.76,32.18,30.54,24.83,29.2,23.79,30.54,1011.0,46,9.09,245,57,0.0,0.0,0,Clouds,nuageux,0.23398808999999998
2025-07-02,1751414400,25.11,30.67,28.74,25.51,28.1,25.25,28.74,1014.0,53,8.03,230,93,0.0,0.0,0,Clouds,couvert,0.23398808999999998
2025-07-03,1751500800,24.18,33.68,31.07,24.9,30.47,24.31,31.07,1014.0,41,6.41,243,72,0.0,0.0,0,Clouds,nuageux,0.23398808999999998
2025-07-04,1751587200,23.86,32.28,30.78,24.5,27.0,23.92,30.78,1015.0,50,7.34,305,82,0.0,0.12,0,Rain,légère pluie,0.23398808999999998
2025-07-05,1751673600,24.61,31.37,29.56,25.16,29.94,24.98,29.56,1014.0,59,6.87,312,98,0.0,3.14,0,Rain,pluie modérée,0.23398808999999998
2025-07-06,1751760000,24.81,34.07,31.52,25.51,31.36,24.87,31.52,1013.0,51,5.42,300,39,0.0,0.71,0,Rain,légère pluie,0.23398808999999998
2025-07-07,1751846400,25.97,30.72,29.84,28.04,28.81,26.4,29.84,1015.0,62,6.82,296,97,0.0,0.65,0,Rain,légère pluie,0.23398808999999998
2025-07-08,1751932800,25.01,29.83,27.61,25.84,28.06,25.09,27.61,1016.0,65,6.06,309,97,0.0,0.0,0,Clouds,couvert,0.23398808999999998
2025-07-09,1752019200,23.88,28.39,26.27,24.83,27.64,24.0,26.27,1017.0,66,5.75,328,100,0.0,0.0,0,Clouds,couvert,0.23398808999999998
2025-07-10,1752105600,23.97,32.67,29.09,24.59,28.7,23.97,29.09,1016.0,61,7.58,323,65,0.0,1.17,0,Rain,légère pluie,0.23398808999999998
2025-07-11,1752192000,25.0,35.01,32.27,25.98,31.22,25.17,32.27,1015.0,51,10.08,205,82,0.0,0.21,0,Rain,légère pluie,0.25595332
2025-07-12,1752278400,26.27,33.18,31.66,27.25,30.29,26.28,31.66,1014.0,55,8.96,271,77,0.0,0.0,0,Clouds,nuageux,0.25595332
2025-07-13,1752364800,25.43,31.65,28.57,26.62,30.73,25.55,28.57,1012.0,58,7.51,265,89,0.0,0.0,0,Clouds,couvert,0.25595332
2025-07-14,1752451200,24.74,33.02,30.35,26.13,30.81,24.86,30.35,1013.0,50,6.86,243,100,0.0,0.0,0,Clouds,couvert,0.25595332
2025-07-15,1752537600,25.54,30.96,26.67,26.31,30.22,25.72,26.67,1015.0,64,6.19,223,100,0.0,0.0,0,Clouds,couvert,0.25595332
2025-07-16,1752624000,25.33,32.59,29.9,26.23,27.7,25.39,29.9,1016.0,57,7.25,312,100,0.0,0.0,0,Clouds,couvert,0.25595332
2025-07-17,1752710400,24.94,30.99,29.91,25.7,28.33,25.15,29.91,1015.0,57,6.72,328,99,0.0,0.18,0,Rain,légère pluie,0.25595332
2025-07-18,1752796800,25.34,33.77,31.53,26.07,31.39,25.34,31.53,1013.0,50,6.57,305,10,0.0,0.0,0,Clear,ciel dégagé,0.25595332
2025-07-19,1752883200,26.43,33.41,32.22,28.13,31.09,26.51,32.22,1015.0,53,6.59,271,44,0.0,3.45,0,Rain,pluie modérée,0.25595332
2025-07-20,1752969600,25.99,32.14,30.92,27.2,29.88,25.99,30.92,1015.0,57,7.05,313,69,0.0,0.0,0,Clouds,nuageux,0.25595332
2025-07-21,1753056000,25.48,32.11,30.99,26.3,28.64,25.69,30.99,1013.0,52,5.88,306,91,0.0,1.64,0,Rain,légère pluie,0.28609415666666665
2025-07-22,1753142400,25.1,33.92,30.67,25.84,30.69,25.18,30.67,1014.0,53,7.17,312,53,0.0,5.76,0,Rain,pluie modérée,0.28609415666666665
2025-07-23,1753228800,26.16,32.13,31.59,27.42,29.09,26.37,31.59,1014.0,57,8.17,290,35,0.0,0.0,0,Clouds,partiellement nuageux,0.28609415666666665
2025-07-24,1753315200,24.6,29.85,28.77,25.89,27.59,24.7,28.77,1012.0,54,7.72,294,83,0.0,0.0,0,Clouds,nuageux,0.28609415666666665
2025-07-25,1753401600,24.37,31.25,30.06,25.88,28.39,24.63,30.06,1012.0,48,6.71,306,44,0.0,0.0,0,Clouds,partiellement nuageux,0.28609415666666665
2025-07-26,1753488000,24.23,33.28,30.03,25.48,30.14,24.4,30.03,1013.0,48,7.77,295,24,0.0,0.0,0,Clouds,peu nuageux,0.28609415666666665
2025-07-27,1753574400,24.93,32.95,30.03,25.69,28.68,25.04,30.03,1016.0,55,7.76,307,100,0.0,0.0,0,Clouds,couvert,0.28609415666666665
2025-07-28,1753660800,24.43,33.51,28.94,25.93,30.14,25.0,28.94,1014.0,62,7.02,324,100,0.0,2.93,0,Rain,pluie modérée,0.28609415666666665
2025-07-29,1753747200,25.68,35.01,31.96,27.3,33.09,25.86,31.96,1015.0,54,7.56,245,37,0.0,0.0,0,Clouds,partiellement nuageux,0.28609415666666665
2025-07-30,1753833600,26.22,32.37,32.11,27.33,29.8,26.32,32.11,1016.0,53,7.2,295,50,0.0,0.0,0,Clouds,partiellement nuageux,0.28609415666666665
2025-07-31,1753920000,25.82,32.78,30.06,26.81,29.25,26.15,30.06,1015.0,54,7.09,300,100,0.0,0.0,0,Clouds,couvert,0.28609415666666665
2025-08-01,1754006400,24.69,33.89,31.12,25.68,30.19,24.69,31.12,1013.0,52,7.49,289,61,0.0,0.0,0,Clouds,nuageux,0.3300815066666667
2025-08-02,1754092800,25.95,30.42,28.51,26.24,27.35,26.05,28.51,1015.0,65,5.73,318,99,0.0,4.62,0,Rain,pluie modérée,0.3300815066666667
2025-08-03,1754179200,24.92,29.99,27.57,25.79,28.18,24.92,27.57,1015.0,65,6.32,295,95,0.0,2.09,0,Rain,légère pluie,0.3300815066666667
2025-08-04,1754265600,24.71,32.56,30.2,25.73,28.61,24.71,30.2,1014.0,56,6.95,305,80,0.0,1.58,0,Rain,légère pluie,0.3300815066666667
2025-08-05,1754352000,25.96,33.54,31.02,26.63,29.71,25.96,31.02,1014.0,58,6.19,276,100,0.0,4.29,0,Rain,pluie modérée,0.3300815066666667
2025-08-06,1754438400,26.45,32.85,30.27,27.52,32.74,26.69,30.27,1014.0,64,5.26,265,98,0.0,6.21,0,Rain,pluie modérée,0.3300815066666667
2025-08-07,1754524800,26.05,31.98,31.29,28.06,29.92,26.18,31.29,1013.0,58,6.86,303,24,0.0,0.37,0,Rain,légère pluie,0.3300815066666667
2025-08-08,1754611200,25.77,33.07,30.93,26.63,30.37,25.88,30.93,1011.0,59,7.41,124,72,0.0,4.2,0,Rain,pluie modérée,0.3300815066666667
2025-08-09,1754697600,25.99,34.1,31.58,26.21,32.6,26.52,31.58,1011.0,55,7.45,139,64,0.0,6.19,0,Rain,pluie modérée,0.3300815066666667
2025-08-10,1754784000,25.26,30.55,30.55,26.5,28.19,25.42,30.55,1013.0,59,9.62,184,86,0.0,3.17,0,Rain,pluie modérée,0.3300815066666667
2025-08-11,1754870400,25.71,31.02,31.02,26.77,28.11,25.8,31.02,1015.0,58,7.64,283,88,0.0,3.12,0,Rain,pluie modérée,0.3853281333333333
2025-08-12,1754956800,26.15,32.47,31.55,27.11,29.8,26.36,31.55,1012.0,56,7.17,329,82,0.0,0.25,0,Rain,légère pluie,0.3853281333333333
2025-08-13,1755043200,26.05,33.26,31.53,27.54,29.72,26.2,31.53,1013.0,57,4.96,283,9,0.0,0.11,0,Rain,légère pluie,0.3853281333333333
2025-08-14,1755129600,22.49,27.19,24.78,27.19,26.33,26.18,24.78,1014.0,73,9.11,89,100,0.0,16.93,0,Rain,forte pluie,0.3853281333333333
2025-08-15,1755216000,24.7,32.29,30.02,25.62,31.27,24.7,30.02,1014.0,60,4.52,185,89,0.0,9.62,0,Rain,pluie modérée,0.3853281333333333
2025-08-16,1755302400,25.42,30.79,30.19,26.96,29.58,25.78,30.19,1012.0,62,6.75,189,69,0.0,9.82,0,Rain,pluie modérée,0.3853281333333333
2025-08-17,1755388800,25.01,30.98,29.77,26.24,29.38,25.27,29.77,1012.0,63,7.78,212,99,0.0,2.31,0,Rain,légère pluie,0.3853281333333333
2025-08-18,1755475200,24.59,31.83,28.67,26.55,29.16,25.7,28.67,1013.0,68,5.43,235,100,0.0,16.61,0,Rain,forte pluie,0.3853281333333333
2025-08-19,1755561600,25.57,32.46,31.18,26.43,30.58,26.04,31.18,1013.0,61,6.26,257,78,0.0,0.0,0,Clouds,nuageux,0.3853281333333333
2025-08-20,1755648000,25.84,33.23,30.73,26.9,30.09,25.94,30.73,1013.0,61,5.32,249,100,0.0,2.01,0,Rain,pluie modérée,0.3853281333333333
2025-08-21,1755734400,25.75,29.36,28.04,27.01,28.33,25.75,28.04,1013.0,69,6.06,18,100,0.0,17.43,0,Rain,pluie modérée,0.4417988666666666
2025-08-22,1755820800,24.82,32.4,30.56,26.24,26.87,24.82,30.56,1013.0,56,3.43,227,70,0.0,7.22,0,Rain,pluie modérée,0.4417988666666666
2025-08-23,1755907200,25.36,31.66,30.66,26.55,29.12,25.45,30.66,1013.0,59,5.59,278,100,0.0,6.23,0,Rain,pluie modérée,0.4417988666666666
2025-08-24,1755993600,25.55,31.74,31.63,26.66,29.94,25.69,31.63,1013.0,57,6.55,282,12,0.0,0.0,0,Clouds,peu nuageux,0.4417988666666666
2025-08-25,1756080000,26.68,32.03,30.89,27.62,29.63,26.76,30.89,1014.0,61,6.73,281,25,0.0,0.0,0,Clouds,partiellement nuageux,0.4417988666666666
2025-08-26,1756166400,24.77,31.22,29.89,26.42,30.15,24.77,29.89,1013.0,64,5.72,256,93,0.0,0.0,0,Clouds,couvert,0.4417988666666666
2025-08-27,1756252800,25.48,29.82,28.43,26.69,28.86,25.52,28.43,1014.0,63,4.27,281,100,0.0,4.23,0,Rain,pluie modérée,0.4417988666666666
2025-08-28,1756339200,24.92,32.11,29.01,25.85,29.52,25.14,29.01,1015.0,62,5.73,292,99,0.0,4.43,0,Rain,pluie modérée,0.4417988666666666
2025-08-29,1756425600,25.43,32.19,29.82,25.68,29.3,26.16,29.82,1014.0,58,5.32,288,96,0.0,3.06,0,Rain,pluie modérée,0.4417988666666666
2025-08-30,1756512000,26.01,31.67,31.41,27.01,29.94,26.17,31.41,1013.0,59,6.56,331,99,0.0,3.16,0,Rain,pluie modérée,0.4417988666666666
2025-08-31,1756598400,22.33,29.42,28.84,27.31,28.36,26.08,28.84,1012.0,55,8.19,103,100,0.0,7.94,0,Rain,forte pluie,0.4417988666666666
2025-09-01,1756684800,25.53,33.43,30.31,26.81,31.36,26.06,30.31,1013.0,61,4.98,279,100,0.0,4.24,0,Rain,pluie modérée,0.4829577200000001
2025-09-02,1756771200,25.53,31.42,31.08,26.87,29.47,25.53,31.08,1014.0,63,6.06,289,99,0.0,0.1,0,Rain,légère pluie,0.4829577200000001
2025-09-03,1756857600,25.45,32.52,30.95,26.87,29.58,25.59,30.95,1012.0,55,5.82,298,85,0.0,0.0,0,Clouds,couvert,0.4829577200000001
2025-09-04,1756944000,25.77,33.71,31.05,26.53,30.63,25.77,31.05,1011.0,61,5.4,295,100,0.0,0.0,0,Clouds,couvert,0.4829577200000001
2025-09-05,1757030400,25.55,31.4,28.73,26.86,29.16,25.59,28.73,1010.0,69,6.88,274,100,0.0,0.0,0,Clouds,couvert,0.4829577200000001
2025-09-06,1757116800,25.94,30.51,28.59,27.11,29.75,26.17,28.59,1012.0,67,5.72,276,99,0.0,0.0,0,Clouds,couvert,0.4829577200000001
2025-09-07,1757203200,25.3,32.42,30.72,26.46,30.11,25.56,30.72,1013.0,57,4.47,243,92,0.0,0.98,0,Rain,légère pluie,0.4829577200000001
2025-09-08,1757289600,25.6,32.32,31.32,26.93,29.71,25.6,31.32,1014.0,56,4.96,258,100,0.0,13.88,0,Rain,forte pluie,0.4829577200000001
2025-09-09,1757376000,25.32,31.14,29.13,26.92,29.11,25.5,29.13,1014.0,64,3.78,297,100,0.0,13.41,0,Rain,pluie modérée,0.4829577200000001
2025-09-10,1757462400,23.22,33.27,31.25,26.17,30.57,25.34,31.25,1014.0,60,10.11,83,64,0.0,50.95,0,Rain,très forte pluie,0.4829577200000001
2025-09-11,1757548800,24.84,33.7,31.39,25.22,29.49,25.3,31.39,1014.0,59,7.29,329,77,0.0,0.83,0,Rain,légère pluie,0.5034382566666666
2025-09-12,1757635200,26.21,32.88,30.63,27.24,28.87,26.41,30.63,1014.0,64,5.34,302,100,0.0,14.22,0,Rain,pluie modérée,0.5034382566666666
2025-09-13,1757721600,25.57,34.51,31.52,27.33,30.9,25.79,31.52,1013.0,59,6.14,226,38,0.0,0.71,0,Rain,légère pluie,0.5034382566666666
2025-09-14,1757808000,26.12,33.2,31.41,27.15,30.26,26.12,31.41,1014.0,61,5.96,304,90,0.0,1.25,0,Rain,légère pluie,0.5034382566666666
2025-09-15,1757894400,24.67,33.39,31.24,27.24,29.31,24.88,31.24,1012.0,60,6.61,299,98,0.0,2.59,0,Rain,pluie modérée,0.5034382566666666
2025-09-16,1757980800,25.58,31.76,29.25,26.59,31.11,25.58,29.25,1012.0,70,4.6,107,100,0.0,1.39,0,Rain,légère pluie,0.5034382566666666
2025-09-17,1758067200,24.91,34.07,31.52,26.34,29.56,25.05,31.52,1013.0,55,6.22,295,44,0.0,3.2,0,Rain,pluie modérée,0.5034382566666666
2025-09-18,1758153600,26.44,33.14,31.93,27.15,30.0,26.45,31.93,1013.0,57,6.1,292,95,0.0,0.7,0,Rain,légère pluie,0.5034382566666666
2025-09-19,1758240000,26.02,33.45,31.65,27.49,31.44,26.16,31.65,1013.0,56,6.03,159,71,0.0,0.0,0,Clouds,nuageux,0.5034382566666666
2025-09-20,1758326400,26.15,35.09,32.34,27.42,30.81,26.27,32.34,1014.0,55,8.68,321,54,0.0,0.39,0,Rain,légère pluie,0.5034382566666666
2025-09-21,1758412800,26.56,33.45,32.19,27.85,30.45,26.56,32.19,1012.0,54,6.18,280,23,0.0,0.0,0,Clouds,peu nuageux,0.5053192833333333
2025-09-22,1758499200,25.58,31.18,30.96,27.09,27.9,25.69,30.96,1014.0,57,6.51,237,100,0.0,0.0,0,Clouds,couvert,0.5053192833333333
2025-09-23,1758585600,25.21,32.84,31.6,26.31,29.19,25.3,31.6,1015.0,53,6.16,288,63,0.0,4.39,0,Rain,pluie modérée,0.5053192833333333
2025-09-24,1758672000,25.5,32.37,31.35,26.67,29.09,25.77,31.35,1015.0,57,4.6,303,78,0.0,5.0,0,Rain,pluie modérée,0.5053192833333333
2025-09-25,1758758400,26.07,33.86,31.46,27.15,31.04,26.1,31.46,1014.0,54,5.36,302,33,0.0,2.48,0,Rain,pluie modérée,0.5053192833333333
2025-09-26,1758844800,26.51,34.46,32.63,28.15,30.54,26.7,32.63,1013.0,48,7.0,326,96,0.0,0.0,0,Clouds,couvert,0.5053192833333333
2025-09-27,1758931200,26.26,33.61,31.2,27.68,30.27,26.34,31.2,1014.0,54,6.47,195,96,0.0,0.0,0,Clouds,couvert,0.5053192833333333
2025-09-28,1759017600,26.27,32.94,31.94,27.03,31.03,26.27,31.94,1013.0,56,7.34,261,19,0.0,0.0,0,Clouds,peu nuageux,0.5053192833333333
2025-09-29,1759104000,24.99,34.76,32.14,27.08,32.05,25.97,32.14,1011.0,48,7.88,183,61,0.0,19.91,0,Rain,forte pluie,0.5053192833333333
2025-09-30,1759190400,25.69,32.53,31.34,26.53,29.35,25.8,31.34,1012.0,55,5.57,302,48,0.0,0.0,0,Clouds,partiellement nuageux,0.5053192833333333
2025-10-01,1759276800,25.36,31.33,30.54,26.81,29.37,25.51,30.54,1014.0,59,4.36,294,43,0.0,11.34,0,Rain,pluie modérée,0.4919505
2025-10-02,1759363200,25.39,33.64,31.09,26.57,30.06,25.52,31.09,1014.0,57,5.81,322,22,0.0,1.64,0,Rain,légère pluie,0.4919505
2025-10-03,1759449600,26.59,35.11,33.06,27.56,30.36,26.63,33.06,1014.0,51,6.75,323,99,0.0,0.9,0,Rain,légère pluie,0.4919505
2025-10-04,1759536000,26.32,35.12,33.66,27.92,31.53,26.51,33.66,1013.0,46,5.34,296,22,0.0,0.0,0,Clouds,peu nuageux,0.4919505
2025-10-05,1759622400,25.99,33.98,32.7,27.63,29.93,26.31,32.7,1012.0,52,6.61,274,35,0.0,0.0,0,Clouds,partiellement nuageux,0.4919505
2025-10-06,1759708800,25.95,33.82,32.51,27.15,30.65,25.95,32.51,1011.0,50,5.83,287,15,0.0,0.0,0,Clouds,peu nuageux,0.4919505
2025-10-07,1759795200,24.48,35.47,32.63,26.54,31.48,24.84,32.63,1012.0,44,6.07,248,34,0.0,0.32,0,Rain,légère pluie,0.4919505
2025-10-08,1759881600,25.87,34.83,32.47,27.74,29.99,26.18,32.47,1014.0,51,7.3,1,6,0.0,7.03,0,Rain,pluie modérée,0.4919505
2025-10-09,1759968000,25.15,33.85,32.47,25.15,31.56,25.82,32.47,1013.0,53,7.77,8,99,0.0,1.37,0,Rain,pluie modérée,0.4919505
2025-10-10,1760054400,27.1,35.87,34.43,28.21,31.04,27.1,34.43,1012.0,40,6.24,4,86,0.0,0.0,0,Clouds,couvert,0.4919505
2025-10-11,1760140800,26.13,35.68,33.62,27.8,31.4,26.46,33.62,1011.0,52,7.59,244,26,0.0,0.17,0,Rain,légère pluie,0.46571885333333335
2025-10-12,1760227200,27.09,33.28,32.56,27.89,29.78,27.25,32.56,1011.0,52,6.61,290,65,0.0,0.62,0,Rain,légère pluie,0.46571885333333335
2025-10-13,1760313600,26.26,36.28,33.55,27.93,31.61,26.72,33.55,1011.0,38,6.19,330,54,0.0,0.18,0,Rain,légère pluie,0.46571885333333335
2025-10-14,1760400000,25.75,34.19,32.28,27.9,30.29,26.01,32.28,1013.0,44,6.64,329,100,0.0,0.0,0,Clouds,couvert,0.46571885333333335
2025-10-15,1760486400,25.74,34.24,32.95,27.39,29.66,25.91,32.95,1013.0,41,6.88,333,77,0.0,0.0,0,Clouds,nuageux,0.46571885333333335
2025-10-16,1760572800,26.08,34.74,33.89,27.12,29.56,26.22,33.89,1011.0,35,8.43,346,3,0.0,0.0,0,Clear,ciel dégagé,0.46571885333333335
2025-10-17,1760659200,25.76,34.29,33.24,26.64,29.44,26.19,33.24,1011.0,36,7.08,337,23,0.0,0.0,0,Clouds,peu nuageux,0.46571885333333335
2025-10-18,1760745600,24.75,34.1,32.44,26.6,29.68,24.79,32.44,1012.0,41,6.47,319,11,0.0,0.0,0,Clouds,peu nuageux,0.46571885333333335
2025-10-19,1760832000,25.61,33.59,30.87,26.99,29.82,25.77,30.87,1014.0,51,6.74,334,100,0.0,0.0,0,Clouds,couvert,0.46571885333333335
2025-10-20,1760918400,25.64,33.79,33.24,27.07,29.98,25.75,33.24,1013.0,41,6.39,324,95,0.0,0.0,0,Clouds,couvert,0.46571885333333335
2025-10-21,1761004800,25.91,33.95,33.27,27.2,29.85,26.13,33.27,1013.0,38,6.36,329,79,0.0,0.0,0,Clouds,nuageux,0.42747750999999995
2025-10-22,1761091200,25.4,36.7,34.25,27.0,30.2,26.02,34.25,1012.0,37,7.02,309,17,0.0,0.0,0,Clouds,peu nuageux,0.42747750999999995
2025-10-23,1761177600,25.71,34.05,32.61,27.57,31.81,26.06,32.61,1013.0,50,6.26,289,15,0.0,0.0,0,Clouds,peu nuageux,0.42747750999999995
2025-10-24,1761264000,25.55,37.19,33.86,27.3,31.61,25.7,33.86,1013.0,43,6.49,288,26,0.0,0.0,0,Clouds,partiellement nuageux,0.42747750999999995
2025-10-25,1761350400,25.54,36.86,33.39,27.63,31.21,25.89,33.39,1013.0,46,6.53,284,3,0.0,0.0,0,Clear,ciel dégagé,0.42747750999999995
2025-10-26,1761436800,26.03,35.36,33.95,27.26,31.43,26.15,33.95,1013.0,45,6.41,321,0,0.0,0.0,0,Clear,ciel dégagé,0.42747750999999995
2025-10-27,1761523200,26.08,38.55,34.71,27.79,30.69,26.28,34.71,1013.0,33,8.01,309,0,0.0,0.0,0,Clear,ciel dégagé,0.42747750999999995
2025-10-28,1761609600,24.95,40.54,38.74,27.01,37.45,24.95,38.74,1011.0,11,6.77,86,8,0.0,0.0,0,Clear,ciel dégagé,0.42747750999999995
2025-10-29,1761696000,25.14,38.12,34.36,28.26,32.76,25.34,34.36,1013.0,37,4.43,303,14,0.0,0.0,0,Clouds,peu nuageux,0.42747750999999995
2025-10-30,1761782400,25.42,36.55,33.69,27.43,30.55,25.57,33.69,1012.0,39,6.86,300,99,0.0,0.0,0,Clouds,couvert,0.42747750999999995
2025-10-31,1761868800,25.02,35.11,32.95,27.03,29.02,25.33,32.95,1013.0,45,7.84,318,14,0.0,0.0,0,Clouds,peu nuageux,0.42747750999999995
2025-11-01,1761955200,25.19,34.87,32.95,26.53,29.26,25.23,32.95,1013.0,41,7.37,298,82,0.0,0.0,0,Clouds,nuageux,0.3859460366666667
2025-11-02,1762041600,24.85,37.26,33.62,26.44,31.1,24.94,33.62,1013.0,38,6.22,304,52,0.0,0.0,0,Clouds,nuageux,0.3859460366666667
2025-11-03,1762128000,24.82,39.62,36.78,26.59,36.36,24.92,36.78,1011.0,15,5.72,92,7,0.0,0.0,0,Clear,ciel dégagé,0.3859460366666667
2025-11-04,1762214400,24.81,37.72,35.42,28.39,31.79,25.68,35.42,1012.0,20,5.9,292,44,0.0,0.0,0,Clouds,partiellement nuageux,0.3859460366666667
2025-11-05,1762300800,24.47,38.64,36.0,26.88,31.24,24.68,36.0,1013.0,20,7.28,315,7,0.0,0.0,0,Clear,ciel dégagé,0.3859460366666667
2025-11-06,1762387200,24.11,37.32,35.3,26.22,31.06,25.05,35.3,1012.0,15,5.99,314,19,0.0,0.0,0,Clouds,peu nuageux,0.3859460366666667
2025-11-07,1762473600,23.6,35.89,33.78,25.98,30.48,24.27,33.78,1011.0,27,5.91,312,0,0.0,0.0,0,Clear,ciel dégagé,0.3859460366666667
2025-11-08,1762560000,25.35,33.78,32.53,27.06,28.96,25.51,32.53,1013.0,34,6.46,306,100,0.0,0.0,0,Clouds,couvert,0.3859460366666667
2025-11-09,1762646400,24.83,32.16,32.16,26.92,28.79,25.29,32.16,1013.0,32,5.96,337,95,0.0,0.0,0,Clouds,couvert,0.3859460366666667
2025-11-10,1762732800,25.16,33.26,29.23,26.29,28.13,25.45,29.23,1013.0,47,6.0,310,90,0.0,0.0,0,Clouds,couvert,0.3859460366666667
2025-11-11,1762819200,23.62,27.74,23.62,27.23,25.85,26.5,23.62,1015.0,67,6.72,328,100,0.0,0.0,0,Clouds,couvert,0.35168450999999995
2025-11-12,1762905600,24.46,31.2,30.49,24.46,27.97,24.88,30.49,1014.0,39,7.34,2,83,0.0,0.0,0,Clouds,nuageux,0.35168450999999995
2025-11-13,1762992000,25.43,31.07,28.34,27.38,27.42,26.01,28.34,1014.0,48,6.39,337,100,0.0,0.0,0,Clouds,couvert,0.35168450999999995
2025-11-14,1763078400,24.07,34.66,32.08,25.21,28.11,24.58,32.08,1014.0,33,7.47,343,1,0.0,0.0,0,Clear,ciel dégagé,0.35168450999999995
2025-11-15,1763164800,23.66,36.8,34.52,25.58,29.38,24.11,34.52,1013.0,24,7.91,342,0,0.0,0.0,0,Clear,ciel dégagé,0.35168450999999995
2025-11-16,1763251200,24.1,39.52,35.68,26.26,35.96,24.38,35.68,1011.0,12,7.27,96,75,0.0,0.0,0,Clouds,nuageux,0.35168450999999995
2025-11-17,1763337600,25.7,38.48,36.25,28.22,34.81,25.97,36.25,1013.0,8,6.84,80,76,0.0,0.0,0,Clouds,nuageux,0.35168450999999995
2025-11-18,1763424000,25.86,37.11,34.32,28.24,32.89,25.94,34.32,1012.0,10,5.33,346,63,0.0,0.0,0,Clouds,nuageux,0.35168450999999995
2025-11-19,1763510400,23.17,36.29,34.18,25.88,28.34,23.54,34.18,1012.0,15,7.36,338,88,0.0,0.0,0,Clouds,couvert,0.35168450999999995
2025-11-20,1763596800,22.64,34.58,31.85,24.94,27.31,23.02,31.85,1012.0,24,7.37,337,94,0.0,0.0,0,Clouds,couvert,0.35168450999999995
2025-11-21,1763683200,21.84,32.67,31.28,23.93,27.03,22.03,31.28,1013.0,23,6.05,334,98,0.0,0.0,0,Clouds,couvert,0.32533287
2025-11-22,1763769600,24.81,32.21,28.06,25.23,28.61,25.23,28.06,1014.0,28,7.19,344,100,0.0,0.0,0,Clouds,couvert,0.32533287
2025-11-23,1763856000,24.44,34.51,31.1,25.04,31.57,24.98,31.1,1014.0,31,9.69,6,100,0.0,0.23,0,Rain,légère pluie,0.32533287
2025-11-24,1763942400,24.35,34.55,32.14,25.67,31.81,24.47,32.14,1014.0,17,11.18,62,98,0.0,0.0,0,Clouds,couvert,0.32533287
2025-11-25,1764028800,24.94,32.39,30.74,27.17,30.61,24.94,30.74,1014.0,9,9.53,67,100,0.0,0.0,0,Clouds,couvert,0.32533287
2025-11-26,1764115200,25.02,30.52,27.93,27.3,29.18,25.61,27.93,1015.0,14,5.96,76,100,0.0,0.0,0,Clouds,couvert,0.32533287
2025-11-27,1764201600,22.4,34.46,32.5,24.81,28.07,23.02,32.5,1013.0,14,6.97,343,67,0.0,0.0,0,Clouds,nuageux,0.32533287
2025-11-28,1764288000,21.6,33.69,31.14,23.72,25.91,21.8,31.14,1013.0,15,7.44,346,90,0.0,0.0,0,Clouds,couvert,0.32533287
2025-11-29,1764374400,21.47,31.89,29.79,23.41,26.37,22.04,29.79,1012.0,29,6.61,22,95,0.0,0.0,0,Clouds,couvert,0.32533287
2025-11-30,1764460800,21.79,32.66,30.26,23.42,26.66,22.25,30.26,1010.0,31,7.45,326,94,0.0,0.0,0,Clouds,couvert,0.32533287
2025-12-01,1764547200,22.86,36.04,34.09,24.5,33.31,22.86,34.09,1010.0,10,8.14,89,34,0.0,0.0,0,Clouds,partiellement nuageux,0.30619509666666667
2025-12-02,1764633600,24.59,31.02,28.12,27.32,26.61,25.49,28.12,1013.0,11,8.35,5,100,0.0,0.0,0,Clouds,couvert,0.30619509666666667
2025-12-03,1764720000,19.75,24.87,20.92,24.19,23.69,19.9,20.92,1015.0,65,8.93,65,100,0.0,0.0,0,Clouds,couvert,0.30619509666666667
2025-12-04,1764806400,20.07,29.49,27.44,20.12,26.02,20.44,27.44,1015.0,23,8.76,72,100,0.0,0.0,0,Clouds,couvert,0.30619509666666667
2025-12-05,1764892800,20.28,33.2,29.76,22.25,30.66,20.51,29.76,1014.0,10,7.91,84,100,0.0,0.13,0,Rain,légère pluie,0.30619509666666667
2025-12-06,1764979200,22.77,29.86,28.32,24.21,27.96,23.8,28.32,1016.0,31,7.32,50,100,0.0,0.58,0,Rain,légère pluie,0.30619509666666667
2025-12-07,1765065600,21.76,29.63,28.22,22.87,27.6,22.08,28.22,1016.0,40,7.35,26,100,0.0,0.0,0,Clouds,couvert,0.30619509666666667
2025-12-08,1765152000,22.85,31.23,25.9,24.54,27.84,22.97,25.9,1015.0,50,5.81,44,99,0.0,0.0,0,Clouds,couvert,0.30619509666666667
2025-12-09,1765238400,21.48,32.14,29.81,23.12,28.16,21.74,29.81,1016.0,31,6.28,11,100,0.0,0.0,0,Clouds,couvert,0.30619509666666667
2025-12-10,1765324800,21.82,33.16,29.96,24.23,29.32,22.81,29.96,1015.0,20,7.03,356,100,0.0,0.0,0,Clouds,couvert,0.30619509666666667
2025-12-11,1765411200,21.81,32.15,28.67,24.06,27.89,22.28,28.67,1014.0,14,6.55,51,99,0.0,0.0,0,Clouds,couvert,0.2927211566666667
2025-12-12,1765497600,19.25,31.9,28.78,22.63,27.01,19.7,28.78,1014.0,14,6.97,346,73,0.0,0.0,0,Clouds,nuageux,0.2927211566666667
2025-12-13,1765584000,19.31,29.97,28.55,23.08,24.42,19.31,28.55,1013.0,11,8.58,0,95,0.0,0.0,0,Clouds,couvert,0.2927211566666667
2025-12-14,1765670400,16.89,25.74,23.61,19.81,20.81,17.85,23.61,1015.0,33,7.77,24,18,0.0,0.0,0,Clouds,peu nuageux,0.2927211566666667
2025-12-15,1765756800,14.63,28.17,24.93,17.81,25.52,14.86,24.93,1015.0,21,7.13,45,0,0.0,0.0,0,Clear,ciel dégagé,0.2927211566666667
2025-12-16,1765843200,16.93,31.14,27.58,19.63,28.79,17.21,27.58,1016.0,16,7.78,66,0,0.0,0.0,0,Clear,ciel dégagé,0.2927211566666667
2025-12-17,1765929600,17.29,29.9,27.0,21.46,27.11,17.4,27.0,1016.0,16,8.09,50,30,0.0,0.0,0,Clouds,partiellement nuageux,0.2927211566666667
2025-12-18,1766016000,17.61,29.05,26.17,21.46,27.17,17.97,26.17,1015.0,19,8.92,54,100,0.0,0.0,0,Clouds,couvert,0.2927211566666667
2025-12-19,1766102400,16.86,29.87,26.12,19.49,26.21,17.04,26.12,1015.0,18,6.69,65,92,0.0,0.0,0,Clouds,couvert,0.2927211566666667
2025-12-20,1766188800,16.6,31.89,28.56,20.59,26.59,16.89,28.56,1013.0,11,6.15,71,2,0.0,0.0,0,Clear,ciel dégagé,0.2927211566666667
2025-12-21,1766275200,16.94,31.24,28.03,19.65,24.46,17.25,28.03,1013.0,13,6.75,337,100,0.0,0.0,0,Clouds,couvert,0.28253443
2025-12-22,1766361600,17.59,31.66,28.63,19.3,23.72,17.59,28.63,1012.0,14,7.46,337,69,0.0,0.0,0,Clouds,nuageux,0.28253443
2025-12-23,1766448000,17.93,31.28,28.33,20.49,25.04,18.31,28.33,1013.0,14,7.03,341,80,0.0,0.0,0,Clouds,nuageux,0.28253443
2025-12-24,1766534400,18.23,30.13,27.98,21.92,23.14,19.45,27.98,1013.0,15,6.63,342,97,0.0,0.0,0,Clouds,couvert,0.28253443
2025-12-25,1766620800,18.76,29.75,25.81,19.84,25.34,19.58,25.81,1014.0,17,7.02,12,100,0.0,0.0,0,Clouds,couvert,0.28253443
2025-12-26,1766707200,15.71,30.49,27.14,18.54,22.81,16.22,27.14,1015.0,15,7.12,346,1,0.0,0.0,0,Clear,ciel dégagé,0.28253443
2025-12-27,1766793600,15.74,30.32,27.21,17.82,24.2,15.89,27.21,1016.0,16,5.86,335,17,0.0,0.0,0,Clouds,peu nuageux,0.28253443
2025-12-28,1766880000,16.29,31.66,28.22,18.05,24.89,16.45,28.22,1015.0,16,6.37,344,0,0.0,0.0,0,Clear,ciel dégagé,0.28253443
2025-12-29,1766966400,18.02,34.13,30.29,18.68,27.47,18.25,30.29,1014.0,14,6.14,341,2,0.0,0.0,0,Clear,ciel dégagé,0.28253443
2025-12-30,1767052800,20.21,35.87,32.25,21.38,28.08,20.57,32.25,1015.0,13,6.57,346,18,0.0,0.0,0,Clouds,peu nuageux,0.28253443
2025-12-31,1767139200,21.62,36.35,33.53,23.18,31.18,22.02,33.53,1015.0,12,6.56,54,11,0.0,0.0,0,Clouds,peu nuageux,0.28253443
2026-01-01,1767225600,21.06,34.71,32.36,22.94,26.82,21.99,32.36,1013.0,14,6.92,339,95,0.0,0.0,0,Clouds,couvert,0.27338290000000004
2026-01-02,1767312000,19.13,31.98,30.23,20.89,24.45,19.27,30.23,1013.0,26,7.16,344,100,0.0,0.0,0,Clouds,couvert,0.27338290000000004
2026-01-03,1767398400,18.84,30.96,29.12,19.82,23.62,19.39,29.12,1015.0,29,7.42,341,84,0.0,0.0,0,Clouds,nuageux,0.27338290000000004
2026-01-04,1767484800,17.74,29.85,27.17,19.03,22.64,18.76,27.17,1015.0,29,7.93,341,100,0.0,0.0,0,Clouds,couvert,0.27338290000000004
2026-01-05,1767571200,17.12,29.74,27.13,18.43,22.79,17.49,27.13,1016.0,34,7.7,342,22,0.0,0.0,0,Clouds,peu nuageux,0.27338290000000004
2026-01-06,1767657600,17.15,27.82,25.87,18.17,21.29,17.46,25.87,1015.0,40,7.12,339,92,0.0,0.57,0,Rain,légère pluie,0.27338290000000004
2026-01-07,1767744000,17.18,30.28,27.56,19.08,22.59,17.38,27.56,1016.0,26,7.55,341,43,0.0,0.15,0,Rain,légère pluie,0.27338290000000004
2026-01-08,1767830400,17.48,31.11,27.48,19.54,26.44,18.2,27.48,1016.0,30,6.68,346,1,0.0,0.17,0,Rain,légère pluie,0.27338290000000004
2026-01-09,1767916800,18.87,31.41,26.29,20.99,29.48,18.87,26.29,1017.0,44,6.56,69,60,0.0,0.71,0,Rain,légère pluie,0.27338290000000004
2026-01-10,1768003200,20.66,32.22,28.95,22.72,27.3,21.24,28.95,1017.0,21,7.4,45,65,0.0,0.0,0,Clouds,nuageux,0.27338290000000004
2026-01-11,1768089600,18.8,32.04,29.56,21.17,24.01,19.64,29.56,1015.0,17,7.46,340,7,0.0,0.0,0,Clear,ciel dégagé,0.2647117666666667
2026-01-12,1768176000,18.96,33.84,29.38,20.39,28.5,18.96,29.38,1014.0,14,5.75,347,100,0.0,0.0,0,Clouds,couvert,0.2647117666666667
2026-01-13,1768262400,21.23,34.97,30.69,22.7,28.23,21.65,30.69,1013.0,13,6.53,341,96,0.0,0.0,0,Clouds,couvert,0.2647117666666667
2026-01-14,1768348800,20.6,33.86,31.98,23.02,25.92,21.26,31.98,1013.0,10,7.45,341,13,0.0,0.0,0,Clouds,peu nuageux,0.2647117666666667
2026-01-15,1768435200,18.58,33.62,30.2,21.24,25.73,18.73,30.2,1013.0,11,7.66,341,84,0.0,0.0,0,Clouds,nuageux,0.2647117666666667
2026-01-16,1768521600,18.81,33.88,30.11,20.53,26.99,19.17,30.11,1014.0,13,7.44,345,2,0.0,0.0,0,Clear,ciel dégagé,0.2647117666666667
2026-01-17,1768608000,19.52,32.79,29.99,21.2,26.29,20.35,29.99,1013.0,10,6.88,359,64,0.0,0.0,0,Clouds,nuageux,0.2647117666666667
2026-01-18,1768694400,18.62,30.92,26.91,21.48,25.14,19.41,26.91,1014.0,11,8.09,46,100,0.0,0.0,0,Clouds,couvert,0.2647117666666667
2026-01-19,1768780800,16.64,29.67,25.86,18.52,24.07,17.56,25.86,1015.0,22,7.66,48,100,0.0,0.0,0,Clouds,couvert,0.2647117666666667
2026-01-20,1768867200,17.04,29.45,25.5,19.55,27.95,17.67,25.5,1015.0,19,7.88,53,51,0.0,0.0,0,Clouds,nuageux,0.2647117666666667
2026-01-21,1768953600,16.02,30.09,26.36,20.79,27.68,17.38,26.36,1014.0,13,8.34,69,62,0.0,0.0,0,Clouds,nuageux,0.2566889333333333
2026-01-22,1769040000,16.01,29.48,25.25,20.67,28.32,16.99,25.25,1015.0,10,7.99,68,100,0.0,0.0,0,Clouds,couvert,0.2566889333333333
2026-01-23,1769126400,16.32,31.46,28.14,19.55,27.91,16.72,28.14,1014.0,5,7.4,67,84,0.0,0.0,0,Clouds,nuageux,0.2566889333333333
2026-01-24,1769212800,19.16,32.61,28.34,20.34,31.1,19.77,28.34,1016.0,7,7.82,58,98,0.0,0.0,0,Clouds,couvert,0.2566889333333333
2026-01-25,1769299200,20.12,33.29,29.21,23.67,32.07,20.23,29.21,1016.0,21,9.88,78,85,0.0,0.0,0,Clouds,couvert,0.2566889333333333
2026-01-26,1769385600,18.84,34.14,30.01,22.7,32.88,19.82,30.01,1016.0,8,8.67,76,53,0.0,0.0,0,Clouds,nuageux,0.2566889333333333
2026-01-27,1769472000,20.64,34.92,30.58,23.28,33.56,20.64,30.58,1016.0,5,7.76,74,98,0.0,0.0,0,Clouds,couvert,0.2566889333333333
2026-01-28,1769558400,18.5,35.51,31.73,23.13,32.64,18.91,31.73,1015.0,3,7.76,71,7,0.0,0.0,0,Clear,ciel dégagé,0.2566889333333333
2026-01-29,1769644800,18.77,35.65,32.21,22.66,30.1,19.2,32.21,1016.0,3,6.87,72,26,0.0,0.0,0,Clouds,partiellement nuageux,0.2566889333333333
2026-01-30,1769731200,18.47,35.95,32.36,21.61,32.12,19.48,32.36,1016.0,5,7.37,70,16,0.0,0.0,0,Clouds,peu nuageux,0.2566889333333333
2026-01-31,1769817600,18.39,35.55,31.76,21.2,26.73,18.78,31.76,1014.0,10,7.93,342,3,0.0,0.0,0,Clear,ciel dégagé,0.2566889333333333
2026-02-01,1769904000,17.88,34.37,31.5,19.44,27.82,18.02,31.5,1014.0,12,6.58,325,0,0.0,0.0,0,Clear,ciel dégagé,0.24875889333333331
2026-02-02,1769990400,16.54,33.38,31.57,19.28,25.03,16.62,31.57,1013.0,14,8.3,334,0,0.0,0.0,0,Clear,ciel dégagé,0.24875889333333331
2026-02-03,1770076800,16.37,34.2,31.23,18.75,27.26,16.41,31.23,1013.0,17,9.57,345,0,0.0,0.0,0,Clear,ciel dégagé,0.24875889333333331
2026-02-04,1770163200,17.13,35.46,32.43,18.64,26.82,17.42,32.43,1014.0,9,7.89,325,0,0.0,0.0,0,Clear,ciel dégagé,0.24875889333333331
2026-02-05,1770249600,16.22,30.08,27.97,18.71,22.62,17.62,27.97,1015.0,21,6.04,326,87,0.0,0.0,0,Clouds,couvert,0.24875889333333331
2026-02-06,1770336000,18.74,32.3,29.99,19.32,21.59,18.74,29.99,1016.0,20,8.05,319,78,0.0,0.22,0,Rain,légère pluie,0.24875889333333331
2026-02-07,1770422400,20.06,35.61,32.63,20.06,29.33,20.58,32.63,1016.0,15,6.82,337,30,0.0,0.0,0,Clouds,partiellement nuageux,0.24875889333333331
2026-02-08,1770508800,20.99,36.77,34.32,21.51,31.18,22.33,34.32,1016.0,17,7.59,340,0,0.0,0.0,0,Clear,ciel dégagé,0.24875889333333331
2026-02-09,1770595200,20.67,36.32,33.5,23.3,30.12,22.76,33.5,1015.0,5,8.43,64,2,0.0,0.0,0,Clear,ciel dégagé,0.24875889333333331
2026-02-10,1770681600,17.32,35.5,31.45,20.02,27.5,17.78,31.45,1015.0,6,7.92,343,0,0.0,0.0,0,Clear,ciel dégagé,0.24875889333333331
2026-02-11,1770768000,18.03,35.69,32.37,19.35,28.54,18.03,32.37,1014.0,19,7.27,328,0,0.0,0.0,0,Clear,ciel dégagé,0.2404246966666667
2026-02-12,1770854400,19.08,37.35,34.48,19.94,31.04,19.16,34.48,1015.0,9,6.68,331,23,0.0,0.0,0,Clouds,peu nuageux,0.2404246966666667
2026-02-13,1770940800,20.66,37.95,35.59,21.51,31.58,21.1,35.59,1014.0,4,7.37,332,56,0.0,0.0,0,Clouds,nuageux,0.2404246966666667
2026-02-14,1771027200,20.51,37.4,34.36,22.61,31.95,20.67,34.36,1012.0,7,8.46,66,81,0.0,0.0,0,Clouds,nuageux,0.2404246966666667
2026-02-15,1771113600,20.08,37.52,32.76,23.41,30.28,22.11,32.76,1013.0,9,8.04,85,18,0.0,0.0,0,Clouds,peu nuageux,0.2404246966666667
2026-02-16,1771200000,21.84,39.18,35.47,22.31,37.98,21.95,35.47,1014.0,6,8.87,92,6,0.0,0.0,0,Clear,ciel dégagé,0.2404246966666667
2026-02-17,1771286400,19.6,37.6,33.25,25.75,36.07,21.3,33.25,1014.0,4,8.51,89,0,0.0,0.0,0,Clear,ciel dégagé,0.2404246966666667
2026-02-18,1771372800,19.08,36.89,32.8,23.76,34.5,19.93,32.8,1013.0,3,7.94,82,0,0.0,0.0,0,Clear,ciel dégagé,0.2404246966666667
2026-02-19,1771459200,20.22,38.0,34.16,21.52,35.92,20.68,34.16,1012.0,3,7.13,88,0,0.0,0.0,0,Clear,ciel dégagé,0.2404246966666667
2026-02-20,1771545600,21.33,38.91,35.42,22.61,37.5,21.58,35.42,1012.0,4,7.69,87,0,0.0,0.0,0,Clear,ciel dégagé,0.2404246966666667
2026-02-21,1771632000,21.22,39.88,36.09,21.96,37.17,21.74,36.09,1013.0,3,6.85,95,0,0.0,0.0,0,Clear,ciel dégagé,0.2325672533333333
2026-02-22,1771718400,21.08,39.4,36.06,23.11,38.23,21.21,36.06,1014.0,4,8.37,96,3,0.0,0.0,0,Clear,ciel dégagé,0.2325672533333333
2026-02-23,1771804800,22.39,37.6,34.09,25.57,35.27,22.94,34.09,1012.0,5,9.29,87,100,0.0,0.0,0,Clouds,couvert,0.2325672533333333
2026-02-24,1771891200,18.03,36.55,32.29,20.92,33.72,18.91,32.29,1011.0,24,4.79,80,0,0.0,0.0,0,Clear,ciel dégagé,0.2325672533333333
2026-02-25,1771977600,18.16,37.27,32.63,22.18,33.11,19.02,32.63,1011.0,25,4.77,333,0,0.0,0.0,0,Clear,ciel dégagé,0.2325672533333333
2026-02-26,1772064000,16.8,34.26,32.36,20.85,24.44,17.09,32.36,1011.0,7,8.81,333,25,0.0,0.0,0,Clouds,partiellement nuageux,0.2325672533333333
2026-02-27,1772150400,16.38,30.68,27.33,18.37,21.86,17.05,27.33,1014.0,18,9.04,342,68,0.0,0.0,0,Clouds,nuageux,0.2325672533333333
2026-02-28,1772236800,15.61,30.84,27.95,16.22,22.87,15.71,27.95,1013.0,21,8.19,343,0,0.0,0.0,0,Clear,ciel dégagé,0.2325672533333333
2026-03-01,1772323200,15.54,32.18,29.63,16.56,23.84,15.58,29.63,1012.0,15,8.25,334,1,0.0,0.0,0,Clear,ciel dégagé,0.22594920666666665
2026-03-02,1772409600,15.66,29.77,27.72,17.31,23.41,16.03,27.72,1014.0,27,8.34,337,67,0.0,0.0,0,Clouds,nuageux,0.22594920666666665
2026-03-03,1772496000,16.01,31.84,29.24,16.62,23.19,16.26,29.24,1015.0,12,9.05,342,96,0.0,0.0,0,Clouds,couvert,0.22594920666666665
2026-03-04,1772582400,15.14,30.14,27.55,17.12,23.08,15.26,27.55,1016.0,23,8.27,341,10,0.0,0.0,0,Clear,ciel dégagé,0.22594920666666665
2026-03-05,1772668800,14.37,32.84,29.97,16.42,25.25,14.64,29.97,1014.0,13,7.71,337,1,0.0,0.0,0,Clear,ciel dégagé,0.22594920666666665
2026-03-06,1772755200,17.2,34.34,32.3,18.81,26.99,17.2,32.3,1012.0,10,7.79,339,77,0.0,0.0,0,Clouds,nuageux,0.22594920666666665
2026-03-07,1772841600,17.89,33.62,31.12,20.37,25.9,18.16,31.12,1012.0,13,7.81,340,100,0.0,0.0,0,Clouds,couvert,0.22594920666666665
2026-03-08,1772928000,18.61,32.6,30.46,19.44,26.24,19.01,30.46,1013.0,19,8.14,341,100,0.0,0.0,0,Clouds,couvert,0.22594920666666665
2026-03-09,1773014400,19.03,35.3,33.17,20.93,27.02,19.28,33.17,1013.0,11,8.3,345,81,0.0,0.0,0,Clouds,nuageux,0.22594920666666665
2026-03-10,1773100800,19.41,35.85,33.61,21.61,27.03,19.41,33.61,1013.0,10,8.57,339,90,0.0,0.0,0,Clouds,couvert,0.22594920666666665
2026-03-11,1773187200,19.55,34.98,32.64,21.79,30.32,19.55,32.64,1013.0,8,9.17,17,27,0.0,0.0,0,Clouds,partiellement nuageux,0.2204751
2026-03-12,1773273600,18.43,34.07,32.17,21.1,25.68,18.63,32.17,1013.0,21,9.26,335,21,0.0,0.0,0,Clouds,peu nuageux,0.2204751
2026-03-13,1773360000,18.01,31.74,30.14,19.58,23.66,18.17,30.14,1013.0,26,8.41,338,48,0.0,0.0,0,Clouds,partiellement nuageux,0.2204751
2026-03-14,1773446400,16.78,32.0,29.52,17.9,24.01,17.15,29.52,1013.0,24,8.86,334,19,0.0,0.0,0,Clouds,peu nuageux,0.2204751
2026-03-15,1773532800,17.01,33.56,30.56,19.06,24.88,17.06,30.56,1012.0,24,8.76,328,52,0.0,0.0,0,Clouds,nuageux,0.2204751
2026-03-16,1773619200,17.69,32.27,30.1,18.72,24.56,17.97,30.1,1013.0,27,8.4,331,82,0.0,0.0,0,Clouds,nuageux,0.2204751
2026-03-17,1773705600,17.33,28.97,28.61,18.48,23.2,17.46,28.61,1013.0,36,8.59,344,47,0.0,0.0,0,Clouds,partiellement nuageux,0.2204751
2026-03-18,1773792000,17.16,28.74,26.89,17.94,22.35,17.16,26.89,1012.0,35,7.28,333,31,0.0,0.0,0,Clouds,partiellement nuageux,0.2204751
2026-03-19,1773878400,16.58,29.85,27.92,17.71,24.06,16.8,27.92,1011.0,26,6.72,311,32,0.0,0.0,0,Clouds,partiellement nuageux,0.2204751
2026-03-20,1773964800,17.39,30.71,28.33,18.29,24.35,17.57,28.33,1012.0,34,6.75,322,12,0.0,0.0,0,Clouds,peu nuageux,0.2204751
2026-03-21,1774051200,18.48,29.22,28.23,19.23,24.06,18.59,28.23,1012.0,37,7.24,321,100,0.0,0.67,0,Rain,légère pluie,0.21614590333333336
2026-03-22,1774137600,18.68,27.99,26.27,19.67,24.26,18.72,26.27,1012.0,47,6.83,318,100,0.0,0.0,0,Clouds,couvert,0.21614590333333336
2026-03-23,1774224000,17.47,26.76,25.62,18.65,22.4,17.93,25.62,1013.0,42,7.2,322,100,0.0,0.61,0,Rain,légère pluie,0.21614590333333336
2026-03-24,1774310400,16.89,27.25,26.52,17.94,23.09,16.97,26.52,1014.0,38,7.03,326,94,0.0,0.1,0,Rain,légère pluie,0.21614590333333336
2026-03-25,1774396800,17.26,26.75,25.45,17.98,22.62,17.55,25.45,1013.0,41,7.39,339,51,0.0,0.0,0,Clouds,nuageux,0.21614590333333336
2026-03-26,1774483200,16.81,27.72,26.56,17.83,22.87,17.02,26.56,1012.0,35,7.54,349,6,0.0,0.0,0,Clear,ciel dégagé,0.21614590333333336
2026-03-27,1774569600,16.56,29.32,27.6,17.62,24.09,16.61,27.6,1012.0,33,6.94,327,68,0.0,0.0,0,Clouds,nuageux,0.21614590333333336
2026-03-28,1774656000,17.09,33.06,30.48,18.13,26.4,17.33,30.48,1013.0,25,6.84,319,1,0.0,0.0,0,Clear,ciel dégagé,0.21614590333333336
2026-03-29,1774742400,18.43,34.98,33.66,20.15,28.43,18.76,33.66,1011.0,15,6.73,327,2,0.0,0.0,0,Clear,ciel dégagé,0.21614590333333336
2026-03-30,1774828800,20.42,35.54,32.4,21.42,26.45,21.68,32.4,1010.0,23,8.67,321,77,0.0,0.0,0,Clouds,nuageux,0.21614590333333336
2026-03-31,1774915200,20.2,38.73,34.22,20.2,29.13,20.92,34.22,1011.0,23,7.56,326,71,0.0,0.0,0,Clouds,nuageux,0.21614590333333336
2026-04-01,1775001600,20.92,40.64,37.21,21.23,38.96,21.15,37.21,1010.0,9,8.97,99,66,0.0,0.0,0,Clouds,nuageux,0.21188686
2026-04-02,1775088000,22.58,40.07,37.23,23.21,35.15,23.08,37.23,1012.0,8,6.86,106,4,0.0,0.0,0,Clear,ciel dégagé,0.21188686
2026-04-03,1775174400,22.02,40.07,37.88,22.86,36.69,23.13,37.88,1012.0,7,7.28,91,1,0.0,0.0,0,Clear,ciel dégagé,0.21188686
2026-04-04,1775260800,22.42,38.35,37.45,25.22,31.93,23.69,37.45,1013.0,8,8.81,325,1,0.0,0.0,0,Clear,ciel dégagé,0.21188686
2026-04-05,1775347200,21.61,39.92,37.7,22.18,31.5,21.95,37.7,1012.0,7,8.67,337,1,0.0,0.0,0,Clear,ciel dégagé,0.21188686
2026-04-06,1775433600,21.18,39.28,37.33,22.83,28.89,21.37,37.33,1013.0,5,10.38,336,6,0.0,0.0,0,Clear,ciel dégagé,0.21188686
2026-04-07,1775520000,21.61,40.3,38.04,22.41,29.12,23.0,38.04,1013.0,5,8.99,341,6,0.0,0.0,0,Clear,ciel dégagé,0.21188686
2026-04-08,1775606400,18.93,38.6,36.93,21.2,28.61,19.28,36.93,1012.0,7,8.78,334,0,0.0,0.0,0,Clear,ciel dégagé,0.21188686
2026-04-09,1775692800,18.96,37.05,35.15,21.18,25.39,19.13,35.15,1011.0,16,9.83,333,28,0.0,0.0,0,Clouds,partiellement nuageux,0.21188686
2026-04-10,1775779200,18.86,35.26,32.98,20.72,26.06,19.25,32.98,1013.0,19,9.17,334,82,0.0,0.0,0,Clouds,nuageux,0.21188686
2026-04-11,1775865600,19.2,35.62,34.09,20.48,26.95,19.2,34.09,1013.0,12,8.46,341,100,0.0,0.0,0,Clouds,couvert,0.20811067333333333
2026-04-12,1775952000,19.42,34.37,33.02,21.27,26.26,19.77,33.02,1013.0,11,8.87,342,100,0.0,0.0,0,Clouds,couvert,0.20811067333333333
2026-04-13,1776038400,17.45,34.75,32.76,19.87,26.11,17.86,32.76,1011.0,11,8.52,342,87,0.0,0.0,0,Clouds,couvert,0.20811067333333333
2026-04-14,1776124800,17.86,35.97,33.02,20.04,28.55,18.16,33.02,1011.0,9,8.29,329,96,0.0,0.0,0,Clouds,couvert,0.20811067333333333
2026-04-15,1776211200,16.83,35.14,32.7,19.25,26.77,17.1,32.7,1011.0,15,7.8,318,13,0.0,0.0,0,Clouds,peu nuageux,0.20811067333333333
2026-04-16,1776297600,18.22,35.91,33.98,19.23,26.78,18.46,33.98,1010.0,14,7.84,321,93,0.0,0.0,0,Clouds,couvert,0.20811067333333333
2026-04-17,1776384000,18.53,37.22,35.67,20.33,27.64,18.98,35.67,1008.0,11,8.47,318,68,0.0,0.0,0,Clouds,nuageux,0.20811067333333333
2026-04-18,1776470400,18.83,32.93,31.55,20.65,24.86,19.0,31.55,1008.0,18,7.66,316,93,0.0,0.0,0,Clouds,couvert,0.20811067333333333
2026-04-19,1776556800,18.68,36.86,34.41,20.15,25.02,19.51,34.41,1009.0,16,9.33,323,19,0.0,0.0,0,Clouds,peu nuageux,0.20811067333333333
2026-04-20,1776643200,17.81,31.92,31.14,18.94,23.75,17.92,31.14,1010.0,26,9.33,331,92,0.0,0.0,0,Clouds,couvert,0.20811067333333333
2026-04-21,1776729600,17.22,29.45,28.58,18.45,23.78,17.39,28.58,1011.0,35,7.7,343,60,0.0,0.0,0,Clouds,nuageux,0.20445009
2026-04-22,1776816000,17.09,31.47,30.04,18.15,23.75,17.09,30.04,1012.0,27,7.91,321,90,0.0,0.0,0,Clouds,couvert,0.20445009
2026-04-23,1776902400,18.1,29.28,27.78,18.58,23.45,18.22,27.78,1013.0,34,8.83,338,100,0.0,0.0,0,Clouds,couvert,0.20445009
2026-04-24,1776988800,17.31,29.53,28.7,18.74,23.61,17.45,28.7,1011.0,37,8.98,337,17,0.0,0.0,0,Clouds,peu nuageux,0.20445009
2026-04-25,1777075200,17.99,32.63,31.16,19.01,25.32,18.07,31.16,1010.0,25,9.62,349,48,0.0,0.0,0,Clouds,partiellement nuageux,0.20445009
2026-04-26,1777161600,18.19,30.8,29.52,19.34,25.15,18.36,29.52,1011.0,30,7.29,340,16,0.0,0.0,0,Clouds,peu nuageux,0.20445009
2026-04-27,1777248000,17.8,30.99,29.72,18.5,24.43,17.8,29.72,1014.0,23,7.75,334,38,0.0,0.0,0,Clouds,partiellement nuageux,0.20445009
2026-04-28,1777334400,17.13,29.61,28.61,18.16,24.56,17.13,28.61,1013.0,27,7.71,332,2,0.0,0.0,0,Clear,ciel dégagé,0.20445009
2026-04-29,1777420800,16.92,30.4,29.36,17.96,24.58,16.99,29.36,1012.0,26,7.38,331,26,0.0,0.0,0,Clouds,partiellement nuageux,0.20445009
2026-04-30,1777507200,17.74,32.56,31.21,18.58,26.41,17.74,31.21,1014.0,22,7.48,341,7,0.0,0.0,0,Clear,ciel dégagé,0.20445009
2026-05-01,1777593600,19.22,35.19,34.51,19.49,27.38,19.47,34.51,1013.0,19,9.36,333,0,0.0,0.0,0,Clear,ciel dégagé,0.19969216
2026-05-02,1777680000,21.56,39.43,38.0,22.01,29.88,21.71,38.0,1010.0,15,9.31,340,0,0.0,0.0,0,Clear,ciel dégagé,0.19969216
2026-05-03,1777766400,22.03,39.44,38.41,22.86,28.92,22.23,38.41,1009.0,14,9.45,332,4,0.0,0.0,0,Clear,ciel dégagé,0.19969216
2026-05-04,1777852800,21.07,38.18,35.32,22.54,32.71,21.31,35.32,1011.0,23,7.23,263,11,0.0,0.0,0,Clouds,peu nuageux,0.19969216
2026-05-05,1777939200,21.29,34.41,32.83,22.18,28.18,21.58,32.83,1013.0,34,7.18,297,80,0.0,2.73,0,Rain,légère pluie,0.19969216
2026-05-06,1778025600,20.3,31.17,31.08,22.58,26.5,20.3,31.08,1012.0,29,8.4,335,79,0.0,0.0,0,Clouds,nuageux,0.19969216
2026-05-07,1778112000,19.18,31.51,29.78,20.84,25.94,19.18,29.78,1011.0,30,8.03,334,97,0.0,0.0,0,Clouds,couvert,0.19969216
2026-05-08,1778198400,18.91,31.7,30.21,19.5,25.37,18.92,30.21,1013.0,27,7.83,333,61,0.0,0.0,0,Clouds,nuageux,0.19969216
2026-05-09,1778284800,19.03,35.24,29.81,19.88,25.88,19.19,29.81,1013.0,32,7.91,329,79,0.0,0.0,0,Clouds,nuageux,0.19969216
2026-05-10,1778371200,19.93,34.4,32.32,20.66,26.58,19.93,32.32,1013.0,26,8.76,329,14,0.0,0.0,0,Clouds,peu nuageux,0.19969216
2026-05-11,1778457600,20.08,32.43,32.37,20.46,24.82,20.08,32.37,1013.0,30,9.9,329,7,0.0,0.0,0,Clear,ciel dégagé,0.19482300333333333
2026-05-12,1778544000,19.97,33.83,31.82,20.84,25.78,20.37,31.82,1013.0,32,9.18,326,6,0.0,0.0,0,Clear,ciel dégagé,0.19482300333333333
2026-05-13,1778630400,20.4,33.63,31.49,21.55,26.14,20.57,31.49,1011.0,34,7.88,309,80,0.0,0.0,0,Clouds,nuageux,0.19482300333333333
2026-05-14,1778716800,19.37,30.64,29.75,21.19,23.54,19.91,29.75,1012.0,39,6.36,308,88,0.0,0.0,0,Clouds,couvert,0.19482300333333333
2026-05-15,1778803200,18.26,29.16,28.5,19.14,23.92,18.26,28.5,1012.0,39,8.19,339,3,0.0,0.0,0,Clear,ciel dégagé,0.19482300333333333
2026-05-16,1778889600,17.83,33.07,30.74,19.02,25.15,18.04,30.74,1012.0,28,7.56,322,12,0.0,0.0,0,Clouds,peu nuageux,0.19482300333333333
2026-05-17,1778976000,18.06,33.54,31.59,19.47,25.95,18.06,31.59,1014.0,26,7.76,320,40,0.0,0.0,0,Clouds,partiellement nuageux,0.19482300333333333
2026-05-18,1779062400,18.67,35.45,32.02,19.86,26.49,18.67,32.02,1014.0,27,7.84,321,3,0.0,0.0,0,Clear,ciel dégagé,0.19482300333333333
2026-05-19,1779148800,19.47,37.61,34.53,20.54,27.78,19.87,34.53,1014.0,19,8.42,321,19,0.0,0.0,0,Clouds,peu nuageux,0.19482300333333333
2026-05-20,1779235200,20.32,37.73,35.72,21.84,27.79,20.43,35.72,1013.0,17,10.42,326,65,0.0,0.0,0,Clouds,nuageux,0.19482300333333333
2026-05-21,1779321600,21.55,40.28,39.76,23.19,30.11,21.96,39.76,1011.0,10,9.74,334,0,0.0,0.0,0,Clear,ciel dégagé,0.19278497333333333
2026-05-22,1779408000,22.47,38.55,37.96,24.25,28.77,23.41,37.96,1011.0,12,8.82,315,0,0.0,0.0,0,Clear,ciel dégagé,0.19278497333333333
2026-05-23,1779494400,20.95,38.05,35.23,22.34,30.78,20.95,35.23,1012.0,23,7.75,301,7,0.0,0.0,0,Clear,ciel dégagé,0.19278497333333333
2026-05-24,1779580800,20.39,38.93,34.15,21.76,32.56,20.43,34.15,1010.0,29,6.78,241,1,0.0,0.0,0,Clear,ciel dégagé,0.19278497333333333
2026-05-25,1779667200,20.9,36.6,34.89,22.69,32.85,20.9,34.89,1012.0,32,7.09,270,0,0.0,0.0,0,Clear,ciel dégagé,0.19278497333333333
2026-05-26,1779753600,22.78,34.57,33.01,23.34,29.84,23.11,33.01,1015.0,41,7.13,298,0,0.0,0.47,0,Rain,légère pluie,0.19278497333333333
2026-05-27,1779840000,20.25,38.53,33.81,22.78,28.81,20.25,33.81,1013.0,29,8.2,301,15,0.0,0.0,0,Clouds,peu nuageux,0.19278497333333333
2026-05-28,1779926400,20.2,42.01,36.24,21.36,33.55,20.2,36.24,1011.0,18,6.38,253,1,0.0,0.0,0,Clear,ciel dégagé,0.19278497333333333
2026-05-29,1780012800,20.68,38.53,34.71,22.47,32.16,20.68,34.71,1014.0,24,7.99,272,50,0.0,0.0,0,Clouds,partiellement nuageux,0.19278497333333333
2026-05-30,1780099200,21.29,41.14,36.65,22.53,29.5,21.29,36.65,1012.0,19,8.51,318,1,0.0,0.0,0,Clear,ciel dégagé,0.19278497333333333
2026-05-31,1780185600,21.54,36.92,34.94,24.65,32.98,21.54,34.94,1011.0,24,5.74,248,41,0.0,0.0,0,Clouds,partiellement nuageux,0.19278497333333333
2026-06-01,1780272000,21.32,34.14,32.75,23.08,29.63,21.32,32.75,1013.0,32,6.69,288,86,0.0,0.0,0,Clouds,couvert,0.19466751333333332
2026-06-02,1780358400,20.69,39.82,36.1,22.12,29.88,21.16,36.1,1012.0,22,8.5,300,70,0.0,0.0,0,Clouds,nuageux,0.19466751333333332
2026-06-03,1780444800,20.59,35.02,32.72,22.35,29.86,20.59,32.72,1013.0,33,6.16,274,97,0.0,0.0,0,Clouds,couvert,0.19466751333333332
2026-06-04,1780531200,20.83,36.3,33.89,22.35,27.97,20.86,33.89,1013.0,31,7.74,273,55,0.0,0.0,0,Clouds,nuageux,0.19466751333333332
2026-06-05,1780617600,19.92,32.61,31.5,21.05,27.06,19.92,31.5,1013.0,38,6.6,289,100,0.0,0.0,0,Clouds,couvert,0.19466751333333332
2026-06-06,1780704000,19.9,36.92,32.88,20.5,28.91,19.9,32.88,1012.0,31,8.22,307,43,0.0,0.0,0,Clouds,partiellement nuageux,0.19466751333333332
2026-06-07,1780790400,21.06,37.76,35.14,22.47,28.07,21.06,35.14,1013.0,24,8.94,310,28,0.0,0.0,0,Clouds,partiellement nuageux,0.19466751333333332
2026-06-08,1780876800,20.22,34.76,33.23,21.7,27.39,20.22,33.23,1014.0,27,7.25,304,51,0.0,0.0,0,Clouds,nuageux,0.19466751333333332
2026-06-09,1780963200,20.33,34.87,31.08,21.3,26.44,20.33,31.08,1014.0,38,8.28,306,99,0.0,0.0,0,Clouds,couvert,0.19466751333333332
2026-06-10,1781049600,20.67,36.17,33.0,21.7,27.21,20.67,33.0,1012.0,31,8.39,307,56,0.0,0.21,0,Rain,légère pluie,0.19466751333333332
2026-06-11,1781136000,22.76,34.96,33.4,23.26,29.19,24.02,33.4,1014.0,37,7.96,316,56,0.0,4.29,0,Rain,pluie modérée,0.20019818666666667
2026-06-12,1781222400,23.25,31.21,30.88,23.92,27.37,23.47,30.88,1018.0,49,8.63,282,90,0.0,7.58,0,Rain,pluie modérée,0.20019818666666667
2026-06-13,1781308800,22.49,30.77,30.24,24.44,27.21,22.53,30.24,1014.0,37,6.56,307,3,0.0,0.0,0,Clear,ciel dégagé,0.20019818666666667
2026-06-14,1781395200,22.15,36.0,32.97,23.2,32.52,22.16,32.97,1013.0,33,6.71,215,24,0.0,0.0,0,Clouds,peu nuageux,0.20019818666666667
2026-06-15,1781481600,22.87,35.73,33.87,24.32,29.9,22.87,33.87,1014.0,40,7.9,280,66,0.0,0.0,0,Clouds,nuageux,0.20019818666666667
2026-06-16,1781568000,23.7,35.29,31.8,24.36,28.08,23.7,31.8,1015.0,48,8.31,322,85,0.0,2.79,0,Rain,pluie modérée,0.20019818666666667
2026-06-17,1781654400,22.93,33.44,31.38,24.09,28.36,22.98,31.38,1015.0,32,6.85,302,100,0.0,0.0,0,Clouds,couvert,0.20019818666666667
2026-06-18,1781740800,23.48,36.25,33.68,24.58,30.49,23.59,33.68,1013.0,35,7.75,292,54,0.0,0.0,0,Clouds,nuageux,0.20019818666666667
2026-06-19,1781827200,24.03,31.92,31.58,24.03,28.83,24.66,31.58,1014.0,43,6.81,287,58,0.0,2.36,0,Rain,pluie modérée,0.20019818666666667
2026-06-20,1781913600,22.98,30.71,29.12,24.04,26.77,22.98,29.12,1014.0,47,8.25,300,100,0.0,0.17,0,Rain,légère pluie,0.20019818666666667
2026-06-21,1782000000,22.5,35.59,29.2,23.57,32.51,22.74,29.2,1013.0,48,5.39,297,17,0.0,0.0,0,Clouds,peu nuageux,0.21099618333333334
2026-06-22,1782086400,24.33,36.2,33.42,25.92,33.77,24.66,33.42,1014.0,36,6.69,207,34,0.0,0.0,0,Clouds,partiellement nuageux,0.21099618333333334
2026-06-23,1782172800,25.42,34.73,32.57,25.66,31.35,26.39,32.57,1014.0,49,7.54,275,86,0.0,4.65,0,Rain,pluie modérée,0.21099618333333334
2026-06-24,1782259200,25.34,31.17,31.17,27.45,30.6,25.51,31.17,1017.0,54,8.52,99,97,0.0,4.96,0,Rain,pluie modérée,0.21099618333333334
2026-06-25,1782345600,25.91,35.27,32.34,27.29,31.07,26.09,32.34,1015.0,37,7.3,316,23,0.0,0.0,0,Clouds,peu nuageux,0.21099618333333334
2026-06-26,1782432000,24.56,34.76,33.66,26.22,29.88,24.64,33.66,1016.0,40,7.95,296,14,0.0,0.0,0,Clouds,peu nuageux,0.21099618333333334
2026-06-27,1782518400,23.84,34.26,32.74,25.0,28.58,23.93,32.74,1015.0,42,7.95,286,30,0.0,0.16,0,Rain,légère pluie,0.21099618333333334
2026-06-28,1782604800,24.07,33.24,31.34,25.3,29.31,24.07,31.34,1014.0,42,6.66,296,4,0.0,0.0,0,Clear,ciel dégagé,0.21099618333333334
2026-06-29,1782691200,23.26,32.12,30.28,24.64,29.78,23.28,30.28,1013.0,47,6.79,278,1,0.0,0.0,0,Clear,ciel dégagé,0.21099618333333334
2026-06-30,1782777600,23.23,34.77,31.4,24.8,31.68,23.23,31.4,1013.0,39,6.67,244,35,0.0,0.0,0,Clouds,partiellement nuageux,0.21099618333333334
2026-07-01,1782864000,23.66,34.98,32.0,24.77,32.21,23.68,32.0,1014.0,45,7.01,288,100,0.0,0.0,0,Clouds,couvert,0.22938751666666668
2026-07-02,1782950400,24.57,33.66,31.29,26.52,30.85,24.77,31.29,1015.0,51,6.58,314,70,0.0,0.88,0,Rain,légère pluie,0.22938751666666668
2026-07-03,1783036800,24.9,32.69,31.07,26.0,28.78,24.94,31.07,1016.0,49,6.66,324,82,0.0,1.65,0,Rain,légère pluie,0.22938751666666668
2026-07-04,1783123200,24.21,33.05,31.24,25.62,29.23,24.21,31.24,1015.0,42,6.49,311,100,0.0,0.0,0,Clouds,couvert,0.22938751666666668
2026-07-05,1783209600,23.78,32.63,31.76,24.9,28.8,23.87,31.76,1014.0,43,7.06,290,70,0.0,0.0,0,Clouds,nuageux,0.22938751666666668
2026-07-06,1783296000,23.59,34.81,33.23,24.68,30.72,23.59,33.23,1013.0,35,8.0,250,19,0.0,0.0,0,Clouds,peu nuageux,0.22938751666666668
2026-07-07,1783382400,24.42,35.07,31.58,25.53,32.48,24.42,31.58,1015.0,47,6.68,273,96,0.0,0.0,0,Clouds,couvert,0.22938751666666668
2026-07-08,1783468800,25.37,34.09,31.82,26.14,30.73,25.37,31.82,1017.0,52,7.67,288,100,0.0,0.0,0,Clouds,couvert,0.22938751666666668
2026-07-09,1783555200,24.95,32.19,31.06,25.92,29.15,24.98,31.06,1016.0,52,7.35,287,94,0.0,0.0,0,Clouds,couvert,0.22938751666666668
2026-07-10,1783641600,24.12,33.09,30.15,25.34,30.07,24.12,30.15,1013.0,53,7.23,272,72,0.0,0.0,0,Clouds,nuageux,0.22938751666666668
2026-07-11,1783728000,24.6,34.69,32.55,25.62,31.46,24.6,32.55,1013.0,45,6.85,259,4,0.0,0.0,0,Clear,ciel dégagé,0.2578641133333333
2026-07-12,1783814400,25.39,31.99,30.21,26.38,30.18,25.47,30.21,1014.0,57,6.31,297,99,0.0,0.48,0,Rain,légère pluie,0.2578641133333333
2026-07-13,1783900800,25.46,32.98,27.5,26.0,30.92,25.77,27.5,1014.0,70,6.75,313,98,0.0,2.87,0,Rain,pluie modérée,0.2578641133333333
2026-07-14,1783987200,25.19,34.92,31.86,26.42,30.62,25.34,31.86,1011.0,46,7.09,281,63,0.0,1.6,0,Rain,légère pluie,0.2578641133333333
2026-07-15,1784073600,26.5,35.97,31.9,27.91,33.82,26.8,31.9,1014.0,53,6.15,246,100,0.0,1.54,0,Rain,légère pluie,0.2578641133333333
2026-07-16,1784160000,26.52,33.76,32.17,29.25,32.6,27.13,32.17,1015.0,52,8.86,195,99,0.0,0.8,0,Rain,légère pluie,0.2578641133333333
2026-07-17,1784246400,26.75,33.45,32.27,27.38,31.15,26.88,32.27,1015.0,48,6.48,210,53,0.0,1.59,0,Rain,légère pluie,0.2578641133333333
2026-07-18,1784332800,27.0,32.63,31.74,28.18,29.78,27.1,31.74,1015.0,55,7.6,297,96,0.0,1.93,0,Rain,pluie modérée,0.2578641133333333
2026-07-19,1784419200,25.93,31.79,30.49,26.88,29.58,25.94,30.49,1012.0,59,6.31,283,94,0.0,0.0,0,Clouds,couvert,0.2578641133333333
2026-07-20,1784505600,25.06,36.31,31.3,26.07,30.16,25.06,31.3,1012.0,52,7.45,289,75,0.0,1.65,0,Rain,légère pluie,0.2578641133333333
2026-07-21,1784592000,26.67,34.21,31.75,27.71,31.0,26.83,31.75,1014.0,57,7.26,323,56,0.0,3.64,0,Rain,pluie modérée,0.30051288000000004
2026-07-22,1784678400,26.58,33.87,31.86,27.53,30.83,26.66,31.86,1013.0,51,7.91,291,98,0.0,3.61,0,Rain,pluie modérée,0.30051288000000004
2026-07-23,1784764800,26.25,35.2,32.83,27.23,30.2,26.28,32.83,1013.0,47,5.88,308,95,0.0,0.17,0,Rain,légère pluie,0.30051288000000004
2026-07-24,1784851200,26.35,34.62,33.28,27.51,31.87,26.4,33.28,1014.0,52,7.75,296,69,0.0,0.0,0,Clouds,nuageux,0.30051288000000004
2026-07-25,1784937600,26.62,30.56,30.51,28.07,28.12,26.93,30.51,1015.0,62,7.84,272,91,0.0,4.65,0,Rain,pluie modérée,0.30051288000000004
2026-07-26,1785024000,25.38,34.17,30.39,26.59,33.46,26.31,30.39,1015.0,55,6.14,284,100,0.0,0.3,0,Rain,légère pluie,0.30051288000000004
2026-07-27,1785110400,26.3,32.98,28.32,27.65,30.76,26.39,28.32,1015.0,68,6.29,322,99,0.0,0.0,0,Clouds,couvert,0.30051288000000004
2026-07-28,1785196800,25.94,31.97,30.7,27.21,29.63,25.94,30.7,1014.0,59,6.32,321,40,0.0,0.0,0,Clouds,partiellement nuageux,0.30051288000000004
2026-07-29,1785283200,25.04,31.64,30.99,26.21,28.97,25.21,30.99,1013.0,48,8.22,294,1,0.0,0.0,0,Clear,ciel dégagé,0.30051288000000004
2026-07-30,1785369600,24.87,33.17,30.89,25.73,30.31,24.98,30.89,1010.0,50,8.68,217,20,0.0,0.0,0,Clouds,peu nuageux,0.30051288000000004
2026-07-31,1785456000,25.71,33.8,31.29,27.75,31.99,25.94,31.29,1013.0,45,6.95,214,31,0.0,0.0,0,Clouds,partiellement nuageux,0.30051288000000004
2026-08-01,1785542400,26.38,33.95,32.53,27.73,31.6,27.18,32.53,1015.0,47,6.93,238,51,0.0,0.1,0,Rain,légère pluie,0.35345582
2026-08-02,1785628800,26.23,32.34,31.61,26.91,29.83,26.31,31.61,1015.0,54,7.02,309,72,0.0,0.0,0,Clouds,nuageux,0.35345582
2026-08-03,1785715200,25.92,32.25,31.35,26.92,29.81,26.0,31.35,1013.0,51,7.09,309,38,0.0,0.0,0,Clouds,partiellement nuageux,0.35345582
2026-08-04,1785801600,25.24,34.9,32.13,26.37,30.93,25.39,32.13,1013.0,50,8.15,286,62,0.0,0.0,0,Clouds,nuageux,0.35345582
2026-08-05,1785888000,26.8,32.83,32.39,27.87,30.44,26.98,32.39,1014.0,54,5.1,239,56,0.0,7.85,0,Rain,pluie modérée,0.35345582
2026-08-06,1785974400,26.09,32.06,31.03,27.47,30.3,26.09,31.03,1014.0,59,4.76,309,94,0.0,26.42,0,Rain,pluie modérée,0.35345582
2026-08-07,1786060800,24.3,32.07,28.16,27.85,31.95,26.52,28.16,1014.0,62,10.96,97,100,0.0,42.93,0,Rain,très forte pluie,0.35345582
2026-08-08,1786147200,26.77,35.21,31.89,28.36,31.34,26.86,31.89,1013.0,55,7.64,305,62,0.0,2.54,0,Rain,légère pluie,0.35345582
2026-08-09,1786233600,24.64,34.56,31.76,28.39,31.7,25.31,31.76,1013.0,54,6.93,284,35,0.0,3.39,0,Rain,pluie modérée,0.35345582
2026-08-10,1786320000,26.73,33.95,31.94,28.25,31.46,26.86,31.94,1013.5,59,7.23,272,63,0.0,0.38,0,Rain,légère pluie,0.35345582
2026-08-11,1786406400,23.94,31.56,25.41,27.93,31.22,27.29,25.41,1014.0,72,8.88,139,100,0.0,9.44,0,Rain,forte pluie,0.4090261466666667
2026-08-12,1786492800,26.54,33.65,31.84,27.64,31.54,26.57,31.84,1013.0,61,5.5,287,69,0.0,2.72,0,Rain,légère pluie,0.4090261466666667
2026-08-13,1786579200,26.6,32.34,30.89,28.17,31.29,26.85,30.89,1015.0,63,5.16,314,63,0.0,0.0,0,Clouds,nuageux,0.4090261466666667
2026-08-14,1786665600,26.42,33.14,30.38,28.06,31.06,26.42,30.38,1015.0,66,5.84,284,100,0.0,0.62,0,Rain,légère pluie,0.4090261466666667
2026-08-15,1786752000,26.71,32.05,31.14,28.36,30.65,26.76,31.14,1015.0,62,6.16,157,95,0.0,12.18,0,Rain,forte pluie,0.4090261466666667
2026-08-16,1786838400,26.39,31.94,30.52,26.39,30.81,27.28,30.52,1015.0,68,6.29,316,100,0.0,1.03,0,Rain,légère pluie,0.4090261466666667
2026-08-17,1786924800,25.73,31.43,28.41,27.43,28.97,25.73,28.41,1014.0,77,5.72,310,99,0.0,1.94,0,Rain,légère pluie,0.4090261466666667
2026-08-18,1787011200,26.33,34.27,31.71,27.14,32.45,26.33,31.71,1013.0,58,6.18,291,100,0.0,0.41,0,Rain,légère pluie,0.4090261466666667
2026-08-19,1787097600,27.23,34.35,32.56,28.61,31.17,27.28,32.56,1015.0,60,6.72,289,92,0.0,1.18,0,Rain,légère pluie,0.4090261466666667
2026-08-20,1787184000,26.49,30.51,26.59,28.89,29.68,27.93,26.59,1016.0,77,7.64,80,100,0.0,7.05,0,Rain,forte pluie,0.4090261466666667
2026-08-21,1787270400,27.05,34.13,30.6,27.8,32.0,27.39,30.6,1013.0,69,6.94,234,98,0.0,0.0,0,Clouds,couvert,0.4090261466666667
2026-08-22,1787356800,27.17,34.26,33.07,28.33,32.75,27.28,33.07,1014.0,52,6.63,247,30,0.0,0.0,0,Clouds,partiellement nuageux,0.4090261466666667
2026-08-23,1787443200,27.29,32.25,30.63,28.67,30.72,27.29,30.63,1015.0,69,6.35,310,97,0.0,3.36,0,Rain,pluie modérée,0.4090261466666667
2026-08-24,1787529600,26.77,34.68,31.87,28.27,32.07,26.8,31.87,1012.0,64,5.42,324,94,0.0,5.88,0,Rain,pluie modérée,0.4090261466666667
2026-08-25,1787616000,26.17,34.41,31.85,28.5,32.81,26.48,31.85,1014.0,62,6.26,248,10,0.0,3.4,0,Rain,pluie modérée,0.4090261466666667
2026-08-26,1787702400,24.45,32.8,29.49,28.33,30.37,25.74,29.49,1014.0,68,7.5,38,99,0.0,8.23,0,Rain,pluie modérée,0.4090261466666667
2026-08-27,1787788800,26.96,30.43,29.74,28.06,29.37,27.03,29.74,1012.83,66,5.59,304,59,0.55,1.08,0,Rain,légère pluie,0.4090261466666667
2026-08-28,1787875200,27.08,30.5,29.24,27.51,28.61,27.14,29.24,1013.98,68,7.01,255,65,0.46,1.62,0,Rain,légère pluie,0.4090261466666667
2026-08-29,1787961600,27.11,31.11,29.76,27.68,29.25,27.11,29.76,1014.8,67,5.52,283,92,0.32,0.0,0,Clouds,couvert,0.4090261466666667
2026-08-30,1788048000,27.38,30.67,30.02,28.11,29.11,27.43,30.02,1014.17,69,6.24,303,74,0.0,0.0,0,Clouds,nuageux,0.4090261466666667
2026-08-31,1788134400,26.64,30.54,29.93,27.46,28.93,26.74,29.93,1012.97,65,6.15,271,11,0.04,0.0,0,Clouds,peu nuageux,0.4090261466666667
